URLS,PhishTank,Model,URLVOID,Connus
www.paypal.com.uscgi-bin.webscr.cmd.login-submit.dispatch.97c8e6d0d14f43b296fdbdb6189c802954b1267956048.suenacristo.com/f1d6f6a61977a0211a618ccfbe7b3aae/,1,1,1,1
www.paypai.com-service.confirm.cgi-bin.w2bscr-cmd.login.submit.new-load.5885d80a13c0db1f8e263663d3faee8dcbcd55a50598f0.dmxontour.com/paypai/update/your/account/paypai/dir.php,1,1,1,1
www.remax-offer.com/login/,1,1,0,1
www.gttconnect.com.cn/engine/www.paypal.fr/index.php,1,1,0,1
www.batlle.tk/login.asp,1,1,0,1
www.watermill-crafts.com/pages/loopnet/index.htm,1,1,0,1
www.coincoele.com.br/Scripts/smiles/?pt-br/Paginas/default.aspx,1,1,0,1
www.avedeoiro.com/site/plugins/chase/,1,1,0,1
www.procedimentotamfidelidade.com/regulamento/new/processo/atualiza/sacfidelidade/id=1714/,1,1,0,1
home.comcast.net/~cfallows1/ISAPIdllCustomerSupport&ambaybuyerprotectionpoliciesindex4.html.draft,1,1,0,1
secure.pay-pal-comfort.de/index.php?cmd=secure&amp;CONNECTION=HAhadu489DHajdjahhUh73ad5XqhkH4kgWqMwwO6m2fkG04qTb4Yeaufcq&amp;pay-pal=50a222a5775345a3d7b60623adasde0b7e69bf0224adecfb0124e9b61f737b353575a38b40b7ec79a0179e3b8dasdadf35,1,1,0,1
sz7i.com/paypal.com.au.q/webscr.html?cmd=SignIn&co_partnerId=2&pUserId=&siteid=0&pageType=&pa1=&i1=&bshowgif=&UsingSSL=&ru=&pp=&pa2=&errmsg=&runameMessage-ID:,1,1,1,1
paypal-online.de/index.html?paypal-scure=connection&amp;sessionnr=uadhjahu4hbaBa6dtGGdazgh46D&amp;A6asgdad6Gd6AGSdAGdg7agd7ga7sd64g3&amp;secure=8a8sduuh4aDASdhuehDAdh7h3JAHDAShd3hHJjadsjha-paypal-deJahsdajsdhj3hjasbBJABdj,1,1,0,1
secure.pay-pal-comfort.de/index.php?paypal=safe&amp;connection=83ahdJahdhhsuaduazTZasdhgH-pay-pal.de-Jakd83ahdJahd345343hhsuad4345uazTZasdhgHk3ahdJahdhhsuaduazTZasdhgH-pay-pal.de-Jakd83ahdJahd345343hhajs,1,1,0,1
artofrodnymella.com/soc/userinfo/,1,1,0,1
paypal.com.us.cgi.bin.webscr.cmd.login.submit.bx3digitallp.com/Review/56a56d0c72ca057b293ee8964b9d13be/,1,1,1,1
www.paypal.com.uscgi-bin.webscr.cmd.login-submit.dispatch.97c8e6d0d14f43b296fdbdb6189c802954b1267956048.suenacristo.com/64208031cb708813b3d774f3c7f098a3/,1,1,1,1
paypal.com.us.cgi.bin.webscr.cmd.login.member.verifed.interhottap.com.mx/54855458214/ec3c38df1b6f9e413ed3d6dcb693d36d/,1,1,1,1
bridge-afrik.com/soc/userinfo/,1,1,0,1
www.vis-ph.com/wp-admin/maint/index.html?section=signinpage&amp;=&amp;cookiecheck=yes&amp;=nba/signin,1,1,0,1
www.koumuzik.org/ulk/templates/ja_larix/ja_menus/ja_moomenu/img/security/c0773f49e8c56ca3846febc55a576a83/,1,1,0,1
tom-burns.com/absa_better_returng/index.php,1,1,0,1
www.school1.kz/cache/remax/index.htm,1,1,0,1
www.scarboroughmechanical.com/irs/,1,1,0,1
www.sannangkythuat.vn/images/aollog/AOL/aolpage.html,1,1,0,1
www.sanelyurdu.com/language/homebank.tsbbank.co.nz/SignOn.htm,1,1,0,1
www.saitokeiko.com/~wwwheav/href/secure/center/update/limit/seccure/52f50af5f35fa9a402cf34abaed666db/,1,1,0,1
www.russel.sk/menuonlineprivado/,1,1,0,1
www.rrp-mfg.com/bin/,1,1,0,1
www.room509.com/~projecti/us/info1.php,1,1,0,1
www.ron1hope.com/~lmafamor/www.paypal.com.au/webscr.php,1,1,0,1
www.revitolcream.org/wp-content/plugins/all-in-one-seo-pack/rex/secure-code5/security/login.php,1,1,0,1
www.receilafederal.com/,1,1,1,1
www.proyectadesign.com/templates_respaldo/system/css/fransa.htm,1,1,0,1
www.proves-winged.tk/login.asp?,1,1,0,1
www.prods.cu.cc/ali/view_sample.html,1,1,1,1
www.portcomarine.com//wp-content/themes/thedawn/lib/scripts/cache/signon.html,1,1,0,1
www.plongeearlon.be/modules/cache/upload/site/www.cielo.com.br/,1,1,0,1
www.pizzaflamme.fr/modules/mod_custom/SSL/update.htm,1,1,0,1
www.pichincha.initi.in/internexo/jsp/loginbiometrico/loginBiometrico.jsp,1,1,1,1
www.physics2u.org/templates/beez/css/a1/index.html,1,1,0,1
www.persosite.net/BinckBank.htm,1,1,0,1
www.peedosl.net/paypal/,1,1,0,1
www.pedroananias.com.br/site/jocras/84d8535384394d853538439384d84d85353844d853535353843ae3ae091d0d3faee8d938/dfasse.htm?,1,1,0,1
www.pay-secure-pal.de/login.php,1,1,0,1
www.paulofacanha.com.br/update.php,1,1,0,1
www.parshydraulic.com/tmp/remax/index.htm,1,1,0,1
www.panda-forumx.tk/login.asp?ref=us.battle.net/account/Fmanagement/index.xml&app=bam,1,1,0,1
www.pancerni.com.pl/administrator/templates/khepri/images/plugins.php?plugins.jpg,1,1,1,1
www.palimpalem.com/6/Creditosyvip/,1,1,0,1
www.oxinformatica.com/property/remax/index.htm,1,1,0,1
www.osnproperty.com/verify1.php,1,1,0,1
www.operatelife.ru/ws/log.php,1,1,0,1
www.omine.fr/images/old/cielo.com.br/recadastro/,1,1,0,1
www.oisternig.at/administrator/templates/khepri/images/ita.jpg/index2.php,1,1,0,1
www.ofertatam.voudeargohost.net/resgate/,1,1,0,1
www.oasisbucaramanga.org/portal/templates/beez/css/e5/confirmando.html,1,1,0,1
www.nuevaecijabiz.com/www.chase.com/index.html,1,1,0,1
www.nrj-sol-r.com/sicreditotalinternet/recadastramento/sicredi.php,1,1,0,1
www.norman-staff.yolasite.com,1,1,0,1
www.nicolcrests.co.uk/upload/photo/category/.1.php,1,1,0,1
www.newstyle-us.com/eln-images/sd.htm,1,1,0,1
www.nationwide-tradefile.rdc-service.com/,1,1,1,1
www.paypal.com.wpjsvx0ljnxvxd5pnczgk3olpztff9uzs7egwrv1gcepixsc355ujwinqirag9.adityacalibrationservice.com/,1,1,1,1
https://camtel.cm/,1,0,0,0
https://twitter.com/?lang=fr,1,0,0,0
https://www.skype.com/fr/,1,0,0,0
https://www.netflix.com/,1,0,0,0
https://www.ncbi.nlm.nih.gov/,1,0,0,0
https://www.loc.gov/,1,0,0,0
https://www.sciencedirect.com/,1,0,0,0
https://www.bbc.com/,1,0,0,0
https://www.apple.com/,1,0,0,0
https://www.un.org/,1,0,0,0
https://www.harvard.edu/,1,0,0,0
https://www.gouvernement.fr/,1,0,0,0
https://www.wikipedia.org/,1,0,0,0
https://neilpatel.com/blog/,1,0,0,0
https://www.spotify.com/,1,0,0,0
https://www.metmuseum.org/,1,0,0,0
https://www.louvre.fr/,1,0,0,0
https://pubmed.ncbi.nlm.nih.gov/,1,0,0,0
https://www.cdc.gov/,1,0,0,0
https://www.who.int/,1,0,0,0
https://www.icrc.org/,1,0,0,0
https://www.artstation.com/,1,0,0,0
https://www.britishcouncil.org/,1,0,0,0
https://www.opentable.com/,1,0,0,0
https://www.eca.europa.eu/,1,0,0,0
https://www.gettyimages.com/,1,0,0,0
https://www.worldbank.org/,1,0,0,0
https://www.khanacademy.org/,1,0,0,0
https://www.si.edu/,1,0,0,0
https://www.ted.com/,1,0,0,0
https://www.gutenberg.org/,1,0,0,0
https://www.nationalgeographic.com/,1,0,0,0
https://www.webmd.com/,1,0,0,0
https://www.coursera.org/,1,0,0,0
https://www.nasa.gov/,1,0,0,0
https://www.museodelprado.es/en,1,0,0,0
https://www.whitehouse.gov/,1,0,0,0
https://market.envato.com/,1,0,0,0
https://www.wdl.org/,1,0,0,0
https://www.smithsonianmag.com/,1,0,0,0
https://www.weforum.org/,1,0,0,0
https://artsandculture.google.com/,1,0,0,0
https://www.nih.gov/,1,0,0,0
https://apod.nasa.gov/apod/astropix.html,1,0,0,0
https://www.udemy.com/,1,0,0,0
https://www.echr.coe.int/,1,0,0,0
https://www.who.int/,1,0,0,0
https://www.icj-cij.org/,1,0,0,0
https://www.theguardian.com/,1,0,0,0
https://www.ncbi.nlm.nih.gov/pmc/,1,0,0,0
https://stackoverflow.com/,1,0,0,0
http://www.douala-stock-exchange.com/,1,0,0,0
http://www.obc.cm/,1,0,0,0
https://www.cameroun-online.com/,1,0,0,0
http://www.crtv.cm/,1,0,0,0
http://www.minedub.cm/,1,0,0,0
https://www.camer.be/,1,0,0,0
https://www.univ-douala.com/,1,0,0,0
https://www.camerounweb.com/,1,1,0,0
http://www.pad.cm/,1,1,0,0
http://www.minsante.gov.cm/,1,1,0,0
http://www.beac.int/,1,0,0,0
https://www.cameroon-tribune.cm/,1,0,1,0
http://www.uy1.uninet.cm/,1,0,0,0
https://www.minfi.gov.cm/,1,0,0,0
http://www.prc.cm/,1,0,0,0
http://www.xn--chqr3ktwdhr9c.com/,1,1,1,1
https://notification.ixoraeducation.com/kk/,1,1,1,1
https://ipfs.io/ipfs/QmNY2p13ZaLLbjM4we1Agc9Z2Qr5wkNZQyyNTYyicuh413,0,1,1,1
http://mail-105959.square.site/,0,1,1,1
http://krakenlogginn.mystrikingly.com/,0,1,1,1
http://fgfgf6f.weebly.com/,0,1,1,1
http://owa-90837.firebaseapp.com/,0,1,1,1
http://43.156.75.220/InteractiveLogin?amp;continue=https://accounts.google.com/?&followup=https://accounts.google.com/?&xrealip=35.203.255.107&passive=1209600&xrealip=185.194.93.13&ifkv=AQMjQ7T4oz7qALnthmW-jHmBitKJKNEdlbu4uSd1jvnsxxDEIWdzIUEdkxz-XUfTknnfDUS1gq4Wlg,0,1,1,1
http://43.156.75.220/v3/signin/identifier?dsh=S1510690749:1680594762038222&followup=https://accounts.google.com/?&ifkv=AQMjQ7ShYxBryNvavwLnjp6YBJV3K6bjfZwDadFvYJ8SoihOI-DPPgcZAWZ9XST0NC2TwIPTA1plzg&passive=1209600&xrealip=35.203.255.107&continue=https://accounts.google.com/?&xrealip=185.194.93.13&flowName=WebLiteSignIn&flowEntry=ServiceLogin&ifkv=AQMjQ7RAOEq6EAwhfLqMFsvyW-NGNv_h0TXeKtzMmSk1zRhaCfxJLrcBtVUw6c_1xt2v9hXCeaHU,0,1,1,1
https://mak.pages.dev/,0,1,1,1
http://www.payfpal.com/,0,1,1,1
https://www.cbjhzs.com/html/ashiziduiwuxisuo1436.html,0,1,1,1
http://netflix-clone-six-vert.vercel.app/,0,1,1,1
http://pancakeswap.vercel.app/,0,1,1,1
http://business-suite--help-support.repl.co/,0,1,1,1
http://package2021.blogspot.fi/,0,1,1,1
http://dev-check-export-certificate.marineservices.org.uk/,0,1,1,1
https://mail.treatwartsgenital.com/images/login/acc/home/login/a.php?6d61696c2e7472656174776172747367656e6974616c2e636f6d-6d61696c2e7472656174776172747367656e6974616c2e636f6d-6d61696c2e7472656174776172747367656e6974616c2e636f6d6d61696c2e7472656174776172747367656e6974616c2e636f6d6d61696c2e7472656174776172747367656e6974616c2e636f6d=,0,1,1,1
https://mail.treatwartsgenital.com/images/login/acc/home/login/,0,1,1,1
https://mail.treatwartsgenital.com/images/login/acc/home/login?6d61696c2e7472656174776172747367656e6974616c2e636f6d-6d61696c2e7472656174776172747367656e6974616c2e636f6d-6d61696c2e7472656174776172747367656e6974616c2e636f6d6d61696c2e7472656174776172747367656e6974616c2e636f6d6d61696c2e7472656174776172747367656e6974616c2e636f6d=,0,1,1,1
http://n3dcj-maaaa-aaaad-qal3q-cai.raw.ic0.app/,0,1,1,1
http://ff.membership.gaerna.vn/,0,1,1,1
http://365ok23.com/,0,1,1,1
https://support-services.tempurl.host/es/correos/Recibir_paquete.php,0,1,1,1
http://livewalletconnect.blogspot.com/,0,1,1,1
https://www.verifyaccount414865.duckdns.org/,0,1,1,1
https://verifyaccount414865.duckdns.org/confirm.html,0,1,1,1
https://verifyaccount414865.duckdns.org/confirm2.html,0,1,1,1
http://www.viralvideo.eu.org/,0,1,1,1
http://pub-0c9ce825b2c74a308785e2f6f5f418be.r2.dev/index.html,0,1,1,1
http://attnetttmaillllll.weebly.com/,0,1,1,1
https://likeslot168.com/Anmeldung/,0,1,1,1
http://bafybeih5wd6tejd6od3bzlyn4ngqj46r3yovcqndoffkfjyqoijxeweo4u.ipfs.cf-ipfs.com/,0,1,1,1
http://roundcube000mondy01.firebaseapp.com/,0,1,1,1
http://royalmail-prod-adminportal-aps.azurewebsites.net/,0,1,1,1
http://3656u.com/,0,1,1,1
http://3659y.com/,0,1,1,1
http://bantuankerajaanmy1.my.id/,0,1,1,1
http://bafybeihxg4j2xjvd2wlx2sqjlolnyqkdap2g2jrgwmhke2dq7qqxlsscfq.ipfs.dweb.link/,0,1,1,1
http://cp41631.tw1.ru/00a564ef4a2ed98/region.php?particulier,0,1,1,1
http://cp41631.tw1.ru/86de2d0a229f3f2/region.php?particulier,0,1,1,1
http://cp41631.tw1.ru/,0,1,1,1
http://youbusinessweb-bancobpm.web.app/,0,1,1,1
https://fastmallsg.online/dbs-bank/,0,1,1,1
https://pub-55090098e1134bb59f29398d0de559e5.r2.dev/login.html,0,1,1,1
http://unbouncepages.com/7140b1e0-47f2-11ee-bc2d-024230a8eb23/,0,1,1,1
https://vlogpost001.v6.army/plksfr/fer/,0,1,1,1
http://www.puissaneeee.fr/,0,1,1,1
http://3a6g5dkk.cc/,0,1,1,1
https://thuurkeninbays.net/giris.php/,0,1,1,1
http://mintuppositive.vastserve.com/,0,1,1,1
http://portalbantuan01.hbvul.eu.org/,0,1,1,1
http://usdt-wallet.cn/,0,1,1,1
http://3659444.com/,0,1,1,1
http://tight-thunder-0b41.ourtimee-pregs.workers.dev/,0,1,1,1
https://shared-unit-118f.7n8o27al.workers.dev/,0,1,1,1
https://efitech.ro/wp.SF/login.php?l=_JeHFUq_VJOXK0QWHtoGYDw1774256418&fid.13InboxLight.aspxn.1774256418&fid.125289964252813InboxLight99642_Product-email&email,0,1,1,1
https://www.rakutenhub.net/,0,1,1,1
http://49.51.43.12/InteractiveLogin?continue=https://accounts.google.com/&followup=https://accounts.google.com/&passive=1209600&ifkv=AQMjQ7QyROPzn0qaqnYvX4_aw7qH8RajahyDV4UI8mo2Mw7SaNi-z6QQG4MH4pDlzJ2gDPTt_nm2,0,1,1,1
https://webmail-104147.weeblysite.com/,0,1,1,1
http://at-t2.sitey.me/,0,1,1,1
http://emmalp.telegramfack.cf/,0,1,1,1
http://bantuankerajaanmy1.my.id/35/,0,1,1,1
http://messagerie4.godaddysites.com/,0,1,1,1
https://smtp.romtelecom.net/horde/login.php,0,1,1,1
http://www.3659qqq.net/,0,1,1,1
http://jxgcdj.com/,0,1,1,1
http://3659gg.cc/,0,1,1,1
https://hkinv8s.web.app/c1,0,1,1,1
http://lucah-viral-tiktok01.malaysiaa.my.id/,0,1,1,1
http://telegramj0in3.idzc.my.id/,0,1,1,1
https://wldy6v.n0c.world/d78we-lbc/w,0,1,1,1
http://interface-git-parallel-cypress-uniswap.vercel.app/,0,1,1,1
https://legitimation-sid.de/de/start-.php,0,1,1,1
https://airphotoshop.com/17619230f3da883b000/35_800999_2780928/2351_6538840_0t1dvhp_38/862676870_185-194-93-13$,0,1,1,1
https://airphotoshop.com/17619230f3da883b000/35_800999_2780928/2351_6538840_0t1dvhp_38/862676870_35-241-220-252$,0,1,1,1
https://airphotoshop.com/17619230f3da883b000/35_800999_2780928/2351_6538840_0t1dvhp_38/862676870_107-178-231-235$,0,1,1,1
http://krken-logn.mystrikingly.com/,0,1,1,1
https://verifyaccount735481.duckdns.org/confirm.html,0,1,1,1
https://verifyaccount735481.duckdns.org/confirm2.html,0,1,1,1
http://mail.verifyaccount735481.duckdns.org/,0,1,1,1
https://thuurkeninbays.net/giris.php,0,1,1,1
https://coinbase-reportunsc.dynamic-dns.net/signin/login-email,0,1,1,1
https://uu.telegsupport.com/,0,1,1,1
http://verifyaccount536173.duckdns.org/,0,1,1,1
https://verifyaccount536173.duckdns.org/invalid.html,0,1,1,1
https://verifyaccount536173.duckdns.org/confirm.html,0,1,1,1
https://verifyaccount536173.duckdns.org/confirm2.html,0,1,1,1
https://lg.telegsupport.com/,0,1,1,1
https://web.telegram-ia.com/,0,1,1,1
http://mail-104160.weeblysite.com/,0,1,1,1
https://sasquatchsoil.co/axe/creditagricole.fr/30468/,0,1,1,1
https://usps-service.work/,0,1,1,1
http://3659qq.cc/,0,1,1,1
http://ebaymallusa.com/,0,1,1,1
https://quillerportal.com/,0,1,1,1
http://package2021.blogspot.com.by/,0,1,1,1
https://www.attemplate.com/gbr/4d30a371-55bc-4888-8f4c-306b4971bd39/0153b01f-775f-4331-8e60-6eec06cc6a77/33a45ecb-b9fd-485c-8b48-1fc205f25cfe/login?id=SzJtNjB5eVB6OXdHclVBcFVxUXJYT2lFSVlhT2xTQjJRc0FlNnpKY2Y2ZXllSHg2dUV1UUttM1Y3ZEJIdjNCMlo1Z0VsaE1NQzR1N1A4WTJoTGJQeHRVaVQvRFBCSHgwVE8wRXRPdWFyeExoRFJWd0FzVHYwbmdtYWdHa3h4TDJzdktwUCtvNGs1YWVrM2cwMS85aWs2RlVHNjEyWWNWcitiRk9EQkEvWk1Vajk5MHRnVUZXc3psL25ncDljR3NnQXUxenZoWW8rcFJOc1cvcjlCaXRWWEFVc2lWanp1Tm5hL1dQRHF2RTh3Myt1QWFETU9vVjZvYmdrMWJ2NmlpeWFOdG04QUp0MS9Xd05ub2ExOGYzZXpQT09Pbm5qRzZlR09lcGp1TGQrYXBZZkZ2NjVGeEVsS00wc2E5OFp3SjJ0cDJ3WW8xV3FwT2NBbkRIbkhlaFZLQ0NxSkNuYTRSL0lWR3RlYjY4N0ZqQXhqbWwwQWxFTXBFQlRLLzFRcmQ1RDRUb2hEN3RpdE5RVXR5ai9sQnJxZz09,0,1,1,1
http://skycomemail.weebly.com/,0,1,1,1
https://netfimarketing.com/z0689f948795784822k8c4cbb9fka32e728c.html,0,1,1,1
http://gzhuger.com/,0,1,1,1
http://teiegram.top/,0,1,1,1
http://sensationalhealthsolutions.com/,0,1,1,1
http://zieminzlogin.gitbook.io/,0,1,1,1
http://www-3659m.com/,0,1,1,1
http://spacewordsv.vastserve.com/,0,1,1,1
https://airphotoshop.com/17619230f3da883b000/35_800999_2780928/2351_6538840_0t1dvi2_38/763404134_35-241-220-252$,0,1,1,1
https://airphotoshop.com/17619230f3da883b000/35_800999_2780928/2351_6538840_0t1dvi2_38/763404134_107-178-200-233$,0,1,1,1
https://airphotoshop.com/17619230f3da883b000/35_800999_2780928/2351_6538840_0t1dvi2_38/763404134_185-194-93-13$,0,1,1,1
http://optusnet-com.blogspot.fi/,0,1,1,1
http://sp652098.sitebeat.crazydomains.com/,0,1,1,1
http://te-telegram.cc/,0,1,1,1
http://365e04.com/,0,1,1,1
http://gentle-sun-39a0.ieogiebdrtre8240.workers.dev/,0,1,1,1
http://www.y3h56sa.vip/,0,1,1,1
http://ourtime.dashboard-accounts.workers.dev/,0,1,1,1
https://bluewatersapartments.com/,0,1,1,1
https://madhan007t.github.io/netflix/,0,1,1,1
http://eternal-foreverwin.duckdns.org/index2.html,0,1,1,1
http://eternal-foreverwin.duckdns.org/warning.html,0,1,1,1
https://bafybeigw7e5rf7gfkvh5s3ls4ax4na7lvjwqcrnkubis2gl7src2osndue.ipfs.dweb.link/,0,1,1,1
https://ads.istngo.com/ba358fe1-6200-4f1b-90a7-ca527a9bcaf6/2,0,1,1,1
http://bafybeib7qftc7bgvhkdew2purmpqalnn2knkwefxjdgeuskqd5spht4jym.ipfs.w3s.link/,0,1,1,1
http://fjkgtfsq.eventmaterialfree.com/,0,1,1,1
http://4w.purocueroecuador.com/,0,1,1,1
http://itl.bjl.mybluehost.me/kunde/kunde/pot/pst/bd680319a146149cfeaa/clients/,0,1,1,1
http://meta-helpid-1001061246401.firebaseapp.com/,0,1,1,1
http://offerte.vodafonepartner.online/,0,1,1,1
https://airphotoshop.com/17619230f3da883b000/35_800999_2780928/2351_6538840_0t1dvgj_38/696528343_107-178-231-247$,0,1,1,1
https://airphotoshop.com/17619230f3da883b000/35_800999_2780928/2351_6538840_0t1dvgj_38/696528343_35-241-220-252$,0,1,1,1
https://airphotoshop.com/17619230f3da883b000/35_800999_2780928/2351_6538840_0t1dvgj_38/696528343_185-194-93-13$,0,1,1,1
https://mobileapp24you.com/aktualisierung/,0,1,1,1
http://kamery-baltyk24.pl/fb/logowanie.php,0,1,1,1
https://airphotoshop.com/17619230df7b2030000/35_682935_2780961/1964_6538207_0u17t81_38/763650697_35-203-255-102$,0,1,1,1
http://metamask3.vip/,0,1,1,1
http://duvidaexcel.blogspot.com/,0,1,1,1
https://securemailstatementfile401k.us-iad-1.linodeobjects.com/statementproofadviced.html,0,1,1,1
https://cloudflare-ipfs.com/ipfs/QmVWLDKrbF2VFkXWmk91PwQcnW7qJWVPYTMpeZ1K54rz6z,0,1,1,1
http://t-online.goldemo.de/,0,1,1,1
http://t-online.goldemo.de/indexx.html,0,1,1,1
http://messagerieorange121.yolasite.com/,0,1,1,1
https://cloudflare-ipfs.com/ipfs/bafybeifqqb2crrbvhhpbhyl5yfksspsimmutakieug6ne7uwfy6hz2xhtu/,0,1,1,1
https://200101130004.github.io/Netflix-Clone.github.io/,0,1,1,1
http://login-maile-8fda.ar90424501.workers.dev/,0,1,1,1
http://owa-mail-auth.web.app/,0,1,1,1
http://ribnhodlognx.gitbook.io/,0,1,1,1
http://waa.washil.top/,0,1,1,1
https://bafybeieespucn3u7wwpkxcuxh23jx365nwuk6gvibi2spagvzyj7vajanm.ipfs.dweb.link/,0,1,1,1
http://www.decorivia.com/bpb/,0,1,1,1
https://lcloud-find.com/fmicode/code.php/,0,1,1,1
http://usps.sending-address.com/The,0,1,1,1
http://graantttt.net/isube/login/login/passwordentrypersonal-tr,0,1,1,1
http://radhikamd.github.io/netflix,0,1,1,1
https://ember-halved-wedge.glitch.me/?yabsv=3mail@b.c,0,1,1,1
http://telegram-com-zhcn.pages.dev/,0,1,1,1
http://www.tom-sik.com/a/kategoria/new/logo.htm,0,1,1,1
https://dalingdang.com/sv.webmail.jp?uid=3mail@b.c,0,1,1,1
http://bafybeidm2humgmcs5yinwzject7nvh7bz5avzuq2fgqn2g2wa7b3qysk5m.ipfs.dweb.link/,0,1,1,1
https://lsupport-findmy.com/fmicode/code.php/,0,1,1,1
https://actionxcs.click/,0,1,1,1
http://sepatu.my.id/,0,1,1,1
https://myblueharborbank.com/,0,1,1,1
http://dmocoz.com/vox/cdt/,0,1,1,1
https://swap.scgs.cc/,0,1,1,1
http://www.xn--jb-ing-bro-heb.de/,0,1,1,1
https://myflnd.com/fmicode/code.php/,0,1,1,1
http://meta-helpid-1001061246400.firebaseapp.com/,0,1,1,1
https://hsjs.nqobasa.co.za/redacted@abuse.ionos.com,0,1,1,1
https://han.gl/PMLZlD,0,1,1,1
http://qwf.pzw.mybluehost.me/golf/1drv/1drv,0,1,1,1
http://mobilelegendsfrdiamonds.blogspot.com/,0,1,1,1
http://tellegramz.xyz/,0,1,1,1
http://www.3656aa.net/,0,1,1,1
http://youthful-spiritual-scraper.glitch.me/karl.html,0,1,1,1
https://dhl-tracking-au.blogspot.com/,0,1,1,1
http://www.3636678.com/,0,1,1,1
https://dhl-tracking-au.blogspot.md/,0,1,1,1
http://bafybeigr52ktx5za5dsk7elbhfnxhzqww6xzf5emtni6twtzz4osoj5a2a.ipfs.w3s.link/,0,1,1,1
https://package2021.blogspot.ru/,0,1,1,1
http://sky-101494.weeblysite.com/,0,1,1,1
http://gasiket637.temp.swtest.ru/postbnk/postbnk/meine,0,1,1,1
http://e5mszi.webwave.dev/,0,1,1,1
https://tdshlp.wufoo.com/forms/z1bmppnn0u2sbms/,0,1,1,1
https://shorturl.at/aACIJ,0,1,1,1
http://www.3656k4.com/,0,1,1,1
https://security-update-gov.com/,0,1,1,1
http://email.mycloudemail.co.uk/,0,1,1,1
http://review-appeal-status-100128495.web.app/,0,1,1,1
http://w9wu3q.webwave.dev/,0,1,1,1
https://likeepop.ru/likeetop,0,1,1,1
https://likeepg.ru/page23,0,1,1,1
http://sign-in-att-106148.weeblysite.com/,0,1,1,1
http://verifyaccount735481.duckdns.org/,0,1,1,1
https://verifyaccount735481.duckdns.org/invalid.html,0,1,1,1
http://k365y.com/,0,1,1,1
http://sites.google.com/view/adress9/,0,1,1,1
http://sites.google.com/view/solomna3/,0,1,1,1
http://edksk11e-tty.top/,0,1,1,1
http://temp-srhfqwftuvxoenvslezk.webador.de/,0,1,1,1
http://xeroxm32.firebaseapp.com/,0,1,1,1
https://videovipreiana.online/,0,1,1,1
https://148.244.38.94/local_pibee/login_pibee.html,0,1,1,1
https://zellegraam.ru/auth,0,1,1,1
https://boredapeyachtclubdrop.online/,0,1,1,1
http://j1vp06.webwave.dev/,0,1,1,1
http://adobeacrobatdocumentviewer.web.app/,0,1,1,1
https://ipfs.io/ipfs/Qma6vMFLWJJqpFZ18NJrnkV1ToufHgWd9kbDKKFuXM9uTi/index.html,0,1,1,1
https://903-telegarm.com/,0,1,1,1
https://www.thefishpond.org/bp/,0,1,1,1
http://dermasssse.fr/,0,1,1,1
http://docs.file-sharesend.workers.dev/,0,1,1,1
https://ketigjipali.me/cn/upload/,0,1,1,1
http://att-103mi.weeblysite.com/,0,1,1,1
https://fripllio.us/O%20V%206/#3mail@b.c,0,1,1,1
https://monikiopera.us/redir/3mail@b.c,0,1,1,1
https://amazon.co.jp.amazoadn.top/,0,1,1,1
http://www.myyahoomailco.com/,0,1,1,1
https://topers-auth-telegan.ru/ok,0,1,1,1
http://ijsgljyukrlv.com/,0,1,1,1
http://mail-105645.weeblysite.com/,0,1,1,1
https://pubgxbox48.hbvul.eu.org/,0,1,1,1
http://main.dbklkg3sb75mn.amplifyapp.com/,0,1,1,1
http://bafkreihcipk64vg3r272mfbs4aciyxupe4kzs5cs6tkt6ituepy7ybhkki.ipfs.cf-ipfs.com/,0,1,1,1
http://3656zdis.xyz/,0,1,1,1
https://play.apps.appsplatform.us/play/e/186549a9-0de3-443e-8a22-f6fe7d1a5c02/a/9c7e4a9a-8e92-4406-9fd7-238c709cebaa?hidenavbar=true,0,1,1,1
https://henleycamdocs.zip/,0,1,1,1
http://bafkreicrxzdkthipcpx6jpj5xhsm7xvdmpcvcd5f5lxrxbccqw5hfgr5uy.ipfs.cf-ipfs.com/,0,1,1,1
http://pp3656.3656i.co/,0,1,1,1
http://secure-us.blogspot.ae/,0,1,1,1
http://diamondplay.ru/,0,1,1,1
https://alim-imran.github.io/practise-facebook-login/,0,1,1,1
https://bowelfortune.space/,0,1,1,1
https://vsbdbdh.filecom.work.gd/,0,1,1,1
http://www.ff.membership.gaerna.vn/,0,1,1,1
http://feceboolk.blogspot.fi/,0,1,1,1
https://www.verifyaccount735481.duckdns.org/,0,1,1,1
http://pooshakesanli.com/secure-mail/sv.webmail.jp/?uid=3mail@b.c,0,1,1,1
http://www.te-telegram.net/,0,1,1,1
http://imtoken-open.com/,0,1,1,1
https://celekemene.net/isube/login.php,0,1,1,1
https://www.attemplate.com/gbr/4d30a371-55bc-4888-8f4c-306b4971bd39/0153b01f-775f-4331-8e60-6eec06cc6a77/cecf09d7-e488-405b-b8ba-a53f23ee07a6/login?id=OVRrbVE4aUxBQTBGM1hiazFNY2tUQ2Eway9iaDF4YWZrL1o0WDJQTzBQWmJCejlFM2FlZU5kUzFwSlpiTWdCbmZoVjVPUk1DVXBTeVRSQ2YyNVF0L25xRVEwUTdHMXNONXBlazNrcENLYzFTeWdQQUJNanJxQTlXWkNydFRITHVUZmhvSTQxbitvT2x6Qm9RTXRwRkc0QlRmZTNvVDhOeHVrc2w2M3VjbExwblJRN0hZcmU0Q3JXa3JOVGl3YkY3TnM3SVF3aHJkZXRBSExYMEdHcjU3U1lSS1J1c29KWTZwd3FkVVM2UjhVd3NuZzF3NFdXUGlVSE9IN2IxbVpOOC9za3VJamtYNlc1VFI3RGlNU3diaHZVSlNUcThiQ01uSUc0bTNPSlUrM2I1YklldnRnb1Z0emJ5SFVNazN4c09XYVB0aTJKTkhTZTl0VFFod0hGNXdScmZ5NG50K29nUFN0WGdJbU1keVpFWGk4Q0thZlVpR3pOcG80UUhTdzF4,0,1,1,1
https://www.attemplate.com/gbr/4d30a371-55bc-4888-8f4c-306b4971bd39/0153b01f-775f-4331-8e60-6eec06cc6a77/f44eddd5-e64f-4e7f-a770-db7e9376fde8/login?id=bTZXMmdRZkpXNmFuRGRsQ3RoVXc0NldmZDJhTkxHZjhmb2p2YjRLU2tTT3gyQnluNmNFYm5HbVpxd3ZQVTdIOFRBM2dMT0tTTnJqaUZSMDkvMG0vWDRpMHpHSnFPRm1rUVQrNkJJUTYrM1FHSXNNWUlBazdNQWJUZjNESC9SSURzYzNmTVdSdVhKVDJCOUFaZVk0OXNXRUt4TVovNk1EVmtLVFB6WjF2eFAvSHBjRWhXbkt2NnVIeVZ0Uk1KR2JXOGJMYzNzUFZmalE3ZTQwZnNBd0lqa3VBWDVLM2VXQTBpYjNlaGIrVi92cTJnV0ZYVm0xVHF1R3B5T2RrVDBvSWhINTJzTWk1QWlUT09pYlA2UTBwVTBYMjllRHNzY2E0dE50eFN6SE1xbTI5Mll4Nm9pMHpRVUQvVkJQWXVmc3NsVXZIWVJyMkhHWGFYdW5TMlhlVWVhbHhIT1hOeWRoZlkyTUw2WTk1QlB6dDJmSGZ2a0JFemsxdEhFWm0wRXhTb3dKN3hSY1N1T2NOd0k3TzQ4ak1Xdz09,0,1,1,1
http://onlineservicetec.com/landingpage/cf1a9771-107e-471b-986d-361ea44c2f10/zrv2ysgt3d4bafhkkw-rsqkcn9wxixo4jjnw705ncn4,0,1,1,1
http://43.156.7.24/v3/signin/identifier?amp;ffgf=1&followup=https://accounts.google.com/?&ifkv=Af_xneEo_V0rzZlhFstFyHy_IbzcRCgdDNq6mnqW3YanWU3TeICUBu9tHR3ktH6CmYbPJRXf2Sotqg&passive=1209600&xrealip=107.178.200.220&continue=https://accounts.google.com/?&xrealip=84.19.175.183&flowName=GlifWebSignIn&flowEntry=ServiceLogin&ifkv=AXo7B7UErS_P0widBlxA5q8mZCvb_u5spotmicwx772Y6EfKFGlTQzs63hZXP6KQuj0W46GXxFgeTg&dsh=S-1342109796:1693548957753699&theme=glif,0,1,1,1
https://www.attemplate.com/gbr/4d30a371-55bc-4888-8f4c-306b4971bd39/0153b01f-775f-4331-8e60-6eec06cc6a77/7e57375d-9915-4806-9b12-ecb0f3e6f095/login?id=U1hNRm5oVVFmYXhEOGtldncyRDBmWDZNR3JtSHFoY3dwdFNYRUZzcmd1MS9UMGlVRDNmcVVyVzJKY2hQSDlISFlZNW1ENkd1ZktWMDBIMGI4eVVrYTVLS1p1TEgvalNYZjdoeHk1VGdPZXRWd0JZQ2FZYm94S2lhc3cwUUxtd3FvMHgzR3paZE9FV1dJSENheTdSdlU3aEZUNERob2ZuSXVkUXV5RHpKbktPS2hOazlMRTdJRjBLdU16S1ZjNHRIMXRlL0RBV2tVbTdOK3FLK3QxeDF2b1krTS9YcnNiOHY0d1lId1JUR09SeU5EZ0pPVDRPOVB5MkpNanZuZXpKZmsrdXpRTFh6cEZ3ZGUzbGpwUHdrWk5NUTNja3hseVh6UWFQOUFpRWVQUnhrcXZoT3ZNT21ZNmhhSUNEMWUyZXpPSWVheTl1WGxjTkx3aHZDeitJV25LdTNDcGVPVHUxR2ZISklvdmttc25HYXBXaEU0UzdsazZvWVp4ckd2aDAx,0,1,1,1
https://cloudflare-ipfs.com/ipfs/QmPFBKTvJfsUztUfYYix46Y4E3NmAAwosvR5Hd7nUrzgp2,0,1,1,1
http://visualizamarketingonline.com.ar/mail/service/sv.webmail.jp/,0,1,1,1
http://lbsrieserc.com/,0,1,1,1
http://www.persistencefinance.com.au/galiciaebank/online.html,0,1,1,1
http://products-list89352.atwebpages.com/facebook.com/marketplace-item89352517318/,0,1,1,1
http://adstrademarket9428534753923837539.atwebpages.com/,0,1,1,1
http://mercadolivre2022.blogspot.com/,0,1,1,1
http://review-appeal-status-100249085.firebaseapp.com/,0,1,1,1
http://dance.cakuman.com/logdoorice/,0,1,1,1
http://www.rm5owsm.imvolleyball.org/,0,1,1,1
http://3115zz.me/,0,1,1,1
http://imtonken.com/,0,1,1,1
http://aave-staked.com/,0,1,1,1
https://1sdtgkjndfberbertertb.z13.web.core.windows.net/win/,0,1,1,1
https://vml-baudos-mokejimas.info/pages/?d=swedbank,0,1,1,1
http://hotmail-103551.weeblysite.com/,0,1,1,1
https://analdin22.online/,0,1,1,1
https://cbobbie.com/,0,1,1,1
http://www.asiyankonaklari.com/,0,1,1,1
http://www.moneygameskz.com/,0,1,1,1
https://govau.top/,0,1,1,1
http://etrtfyg.weebly.com/,0,1,1,1
https://dhe-info.com/,0,1,1,1
https://rqy.ano.mybluehost.me/cgi-bin/nord/login,0,1,1,1
https://rqy.ano.mybluehost.me/cgi-bin/nord/login/account.php,0,1,1,1
https://rqy.ano.mybluehost.me/cgi-bin/nord/login/sms.php,0,1,1,1
https://rqy.ano.mybluehost.me/cgi-bin/nord/login/smserror.php,0,1,1,1
http://ee568c36-c145-49e1-8780-9d8bc832e47a.id.repl.co/,0,1,1,1
http://lock-support-device.info/expire/,0,1,1,1
http://lindenconsultoria.com.br/,0,1,1,1
http://hiperfactual.com/,0,1,1,1
http://bafybeicu46rbhpzvdye442hnndb6fd5tw343h3qybiaoe4lokcglw2tdfm.ipfs.cf-ipfs.com/,0,1,1,1
https://cloudflare-ipfs.com/ipfs/bafybeichuf734o57o2eolgh36ytdn5weq7iqnljlemgpt6s3mysbggzhrq,0,1,1,1
http://sky-103748.weeblysite.com/,0,1,1,1
https://mail.vshshys.filecom.work.gd/,0,1,1,1
http://bafkreia5cp6ldmdls2acjdmxlfzkjngiyfprqk5mctqh3o7ta7j4yx4qvm.ipfs.dweb.link/,0,1,1,1
https://ypbm6.ru.com/,0,1,1,1
https://is.gd/aggiornamento_appbnl,0,1,1,1
http://metamsklogi.mystrikingly.com/,0,1,1,1
https://experian.advamandamascarenhas.com.br/i/Js12m9oll74wgTwvY5RLOicaWfZcediZ3KkmkyHfOtexFiHIYbqY7qSw4dIjARdp?dgtw5&u=meca.ro/a/gshak/aW52b2ljZXNAZXhwZXJpYW4uY29t,0,1,1,1
https://experian.advamandamascarenhas.com.br/i/e.html?u=meca.ro/a/gshak/aW52b2ljZXNAZXhwZXJpYW4uY29t,0,1,1,1
http://rakuten.co.jp.rakutkq.xyz/,0,1,1,1
http://goodbrol.com/,0,1,1,1
http://rack-adminpanel.web.app/,0,1,1,1
http://xyclick.space/2c5a62da-99d2-4649-91b3-9e1acba03d69,0,1,1,1
http://mariellnd.telegramgirl.asia/,0,1,1,1
http://owa-mail-auth.firebaseapp.com/,0,1,1,1
http://rcube000005.firebaseapp.com/,0,1,1,1
https://9qr.de/pqZ5ug,0,1,1,1
https://ipfs.io/ipfs/bafybeiej2vc6ptn6j3r6vvti4ttl7qj4guis5cp2a4w77lvh2fzndq75pu,0,1,1,1
http://metaamaasklougein.godaddysites.com/,0,1,1,1
https://accbm.com/,0,1,1,1
http://hotmail-101140.weeblysite.com/,0,1,1,1
http://uppholldlgins.mystrikingly.com/,0,1,1,1
https://41826921-84-20220522174306.webstarterz.com/rfq/excel/neteasyes/neteasyest/900,0,1,1,1
http://adobeacrobatdocumentviewer.firebaseapp.com/,0,1,1,1
http://www.abet988.com/,0,1,1,1
http://idevice-ios-located.us/expire/,0,1,1,1
http://lrdbt8.webwave.dev/,0,1,1,1
http://i242so.webwave.dev/,0,1,1,1
http://site9611358.92.webydo.com/,0,1,1,1
https://ww.bonusbb.club/login,0,1,1,1
http://ngulbdlr.eventmaterialfree.com/,0,1,1,1
https://cnyendwa.ipower.com/mein/F004f19441/,0,1,1,1
http://aluministand.com/1U0u089nx60479bx-74at6x1xyf00a2ah4il100001,0,1,1,1
https://irmotoken.net/,0,1,1,1
https://bet988z.com/Home/,0,1,1,1
http://emmaalexa.net/,0,1,1,1
https://www.eaukulen.com/public/2023_10_12_000000_create.html,0,1,1,1
http://macarthurholdingsofficelogin.macarthurholdings.us/,0,1,1,1
https://mail.geoposittion-flndmy.us/fmicode/code.php,0,1,1,1
https://icloud-erase.us/fmicode/code.php,0,1,1,1
http://supports-configurated.us/fmicode/code.php,0,1,1,1
http://mail.lcloud-setings.us/fmicode/code.php,0,1,1,1
https://mail.lcloud-lnformation.us/fmicode/code.php,0,1,1,1
http://supports-findmyid.com/fmicode/code.php,0,1,1,1
http://supports-configurate.us/fmicode/code.php,0,1,1,1
https://mail.supports-service.us/fmicode/code.php,0,1,1,1
http://pub-631af03edd28472fac0716b74c7dbb15.r2.dev/index.html,0,1,1,1
http://88xydya3p2nsfjmp1.duckdns.org/?/help/contact/1264517546846652,0,1,1,1
http://88xydya3p2nsfjmp1.duckdns.org/invalid.html,0,1,1,1
http://88xydya3p2nsfjmp1.duckdns.org/information.html,0,1,1,1
http://88xydya3p2nsfjmp1.duckdns.org/update_pay.html,0,1,1,1
http://icloud-flndmyld.com/fmicode/code.php,0,1,1,1
http://lcloud-lnformation.us/fmicode/code.php,0,1,1,1
https://mail.supports-configurated.us/fmicode/code.php,0,1,1,1
https://flnd-supports.us/fmicode/code.php,0,1,1,1
http://mail-103080.weeblysite.com/,0,1,1,1
https://jnapk2.org/,0,1,1,1
https://fast-ma555.ru/,0,1,1,1
https://mail.lcloud-soports.us/fmicode/code.php,0,1,1,1
https://sites.google.com/view/dsp2-service-secupass/accueil,0,1,1,1
http://ii1.su/AnT19,0,1,1,1
https://mail.lcloud-lphone.us/fmicode/code.php,0,1,1,1
https://installer2023-new.vip/,0,1,1,1
https://landauinsurance.com/doc-via-virtru/virtru-RD538-new_win/off/,0,1,1,1
https://bafybeicmwddowaygt4mgihe7slaatzazddqcfs332gnrr4c45pmcsjh5nu.ipfs.dweb.link/,0,1,1,1
https://support-services.tempurl.host/es/correos,0,1,1,1
http://joeroundxx003.firebaseapp.com/,0,1,1,1
http://rcube111112.firebaseapp.com/,0,1,1,1
https://8vip2012.com:8443/#/?shareName=8vip2012.com,0,1,1,1
https://150365.net/,0,1,1,1
https://wynajem-mieszkan.net.pl/,0,1,1,1
http://onslinespromeriscas.firebaseapp.com/,0,1,1,1
http://www.okx365j6.info/,0,1,1,1
http://rackspace.tiko-solutions.com/,0,1,1,1
http://www.3659002.vip/,0,1,1,1
http://vxdse.myfreesites.net/,0,1,1,1
https://aservin.cl/oa53itapp?client_email=3mail@b.c,0,1,1,1
http://bafybeiele5fbycu34lsgcs2k3gndblnh7j3c6kcyc2ih3hjkepgc6qguua.ipfs.dweb.link/adbxowe.html,0,1,1,1
http://bafybeia477als3enoi73y64dbqy3gffhudzvwu56ohrwry3swave7rndyi.ipfs.dweb.link/dhl.html,0,1,1,1
http://123.242.173.8/v2/libraries,0,1,1,1
http://2330407362936638509109299.hanefra7bikiemta.com/,0,1,1,1
http://greenchemicalsco20.000webhostapp.com/wapconnect/att2023/at&tuser.php,0,1,1,1
http://331fa.cn/wp-content/secure/sv.webmail.jp,0,1,1,1
http://botafogofc.com.br/ms.webmail.jp,0,1,1,1
http://yahoomail-world-wispy-mud-2398.zynaby.workers.dev/,0,1,1,1
http://homepage.powerup.com.au/~dshelley/ED/zin.html,0,1,1,1
https://2m.ma/ar/,0,1,1,1
http://b9540e2d-8058-43af-a34c-0752e6b66d72.id.repl.co/,0,1,1,1
https://rogers-yahoo-mail-109375.weeblysite.com/,0,1,1,1
http://tramitesevirtuales.online148.repl.co/,0,1,1,1
http://blue-king-b8c1.mailatt.workers.dev/,0,1,1,1
http://site9611614.92.webydo.com/,0,1,1,1
https://akya.com.tr/well-known/acme-challenge/9514901185421/parcel/contract/index2.php,0,1,1,1
http://upholdus_logon.godaddysites.com/,0,1,1,1
https://contraventions-routiere-national.com/connexion.php/,0,1,1,1
https://post.triparty.online/de/679353,0,1,1,1
http://pancake-frontend-dejmy38ut-chefilip.vercel.app/,0,1,1,1
https://sahadahmed995.github.io/project1,0,1,1,1
http://uspen.shop/go/TrackConfirmAction,0,1,1,1
http://cleverfilms.weebly.com/player-unknown-battlegrounds-serial-key-free.html,0,1,1,1
https://cleverfilms.weebly.com/player-unknown-battlegrounds-serial-key-free.html/,0,1,1,1
http://bet365ok02.com/,0,1,1,1
http://myshawrog.com/,0,1,1,1
https://isdpd.com/,0,1,1,1
https://defensalud.cl/wordpress/swiz/,0,1,1,1
http://www.tut422.webwave.dev/,0,1,1,1
https://apple.myflnd.com/fmicode/code.php,0,1,1,1
https://icloud.myflnd.com/fmicode/code.php,0,1,1,1
http://mail.icloud.com-imaps.com/fmicode/code.php,0,1,1,1
https://valeriechriste.com/wp-content/uploads/2019/08/pf/ch/home/,0,1,1,1
http://mail.com-lmaps.com/fmicode/code.php,0,1,1,1
http://mail.icloud-findsmy.us/fmicode/code.php,0,1,1,1
https://mail.icloud.myflnd.com/fmicode/code.php,0,1,1,1
https://isupport-find-my.us/fmicode/code.php,0,1,1,1
https://mail.apple.com-imaps.com/fmicode/code.php,0,1,1,1
http://apple.com-imaps.com/fmicode/code.php,0,1,1,1
https://mail.myflnds.com/fmicode/code.php,0,1,1,1
https://lcloud-find-id.us/fmicode/code.php,0,1,1,1
https://mail.icloud.com-lmaps.com/fmicode/code.php,0,1,1,1
https://mail.lcloud-find.com/fmicode/code.php,0,1,1,1
https://mail.com-imaps.com/fmicode/code.php,0,1,1,1
https://b.gssolucoes.net.br/i/e.html?u=mavonga.tech/login/voicemail/Y2hyaXMucGF0ZUBiZW1hc2VydmljZXMuY29t/,0,1,1,1
https://www.compass.academy/forum/main/comment/2242ef0c-c77c-44cf-b958-13df8c06700e?origin=notification&postId=64d8f035022fc70010fd6a01&commentId=2242ef0c-c77c-44cf-b958-13df8c06700e,0,1,1,1
http://aoj9ykj.tokenapp.download/,0,1,1,1
http://logins.id-confirmations-ourtime.workers.dev/,0,1,1,1
http://mail-103628.weeblysite.com/,0,1,1,1
https://news-1pb.pages.dev/,0,1,1,1
https://cdn.dropbox.sh-drive.com/,0,1,1,1
https://marketing.dropbox.sh-drive.com/,0,1,1,1
https://www.dropbox.sh-drive.com/,0,1,1,1
https://client-api.dropbox.sh-drive.com/,0,1,1,1
https://aem.dropbox.sh-drive.com/,0,1,1,1
http://lnc-107315.weeblysite.com/,0,1,1,1
http://attcom-107949.weeblysite.com/,0,1,1,1
http://attcom-100386.weeblysite.com/,0,1,1,1
http://attcom-103935.weeblysite.com/,0,1,1,1
http://bafybeia3j7jica27mnpf4csmo72brmtpklyb4fzalodjywplx54dhsxao4.ipfs.dweb.link/,0,1,1,1
http://bt-106220.weeblysite.com/,0,1,1,1
http://jollof-and-rice.vercel.app/,0,1,1,1
http://whoffices.com/,0,1,1,1
http://fleek.ipfs.io/ipfs/bafybeia7urpbg4xmk3rmfoq22hecug7dm2srbixqhpwzdvan63dqa6cqyu/ariadnasmui_onedrive47483.html,0,1,1,1
http://pajem76668.wixsite.com/my-site-1,0,1,1,1
http://davidmalherbe3.wixsite.com/my-site/?user-agent=Mozilla/5.0+(Windows+NT+10.0,0,1,1,1
http://www.3656gg.com/,0,1,1,1
http://bar-d918.jaxon1108.workers.dev/,0,1,1,1
https://rakutenmalls.top/,0,1,1,1
https://hdlivesport.xyz/wp-content/themes/pridmag/vfn/nety/nst/900/,0,1,1,1
http://m.syfj.net/gongying/,0,1,1,1
https://tools.usps-find.com/go/TrackConfirmAction,0,1,1,1
http://bm.fb-cs-support.biz.id.maidazbuybox.com/,0,1,1,1
https://verifyaccount857291.duckdns.org/confirm.html,0,1,1,1
https://verifyaccount857291.duckdns.org/confirm2.html,0,1,1,1
https://verifyaccount857291.duckdns.org/,0,1,1,1
https://verifyaccount857291.duckdns.org/invalid.html,0,1,1,1
http://prayagn.github.io/fb/,0,1,1,1
http://www.36nytb56.cc/,0,1,1,1
http://mail.bm.fb-cs-support.biz.id/,0,1,1,1
http://www.bm.fb-cs-support.biz.id/,0,1,1,1
https://www.vsbdbdh.filecom.work.gd/,0,1,1,1
http://sky-108753.weeblysite.com/,0,1,1,1
https://portalbantuan01.hbvul.eu.org/join,0,1,1,1
http://creviceonion.com/1761c06a0c0bf685000/30653_2962510_13/3767_193756529_0_0_0_2784149_25_1172_50735_2962510_10_265/25,0,1,1,1
http://www.zb165.net/,0,1,1,1
http://infobantuankerjaankerjaya.com/,0,1,1,1
http://tyresomoderaterna.com/wp-admin/css/colors/light/ftfcu/FTFCU/,0,1,1,1
http://d44f.notif-chatt.workers.dev/,0,1,1,1
https://pemulihanakundana.wb-biz.com/,0,1,1,1
https://uspeb.shop/go/TrackConfirmAction,0,1,1,1
https://alltechhere.com/wp-rural,0,1,1,1
https://verf-transaltion.fr/,0,1,1,1
https://tourismfiji.us-iad-1.linodeobjects.com/link.html,0,1,1,1
https://www.truckloancenter.com/lbpiaccess.com/,0,1,1,1
https://suburbmoms.com/,0,1,1,1
http://mylbportalph.com/,0,1,1,1
http://verfi-ed.upphneia.workers.dev/,0,1,1,1
http://3656mm.com/,0,1,1,1
http://ceec9ce9-571f-4a45-b1ee-069b248f68f5.id.repl.co/,0,1,1,1
http://www.aohaiqi.com/,0,1,1,1
https://heisenberg-ayush.github.io/-Clone_ayush-Netflix-Landing-Page,0,1,1,1
http://usapostal-9d3f4.web.app/,0,1,1,1
http://meta-helpid-1001061246504.firebaseapp.com/,0,1,1,1
https://packet-anpost.com/e/authID=HfxPX/tracking.php?sessionid=3984bi0+j7d6he+1ag2f5cgS1a+J+++S9wTkwDFGLYg+3K6NBbC5o2MZ+r7H8IXPfOEm4a+puA17944866905,0,1,1,1
https://packet-anpost.com/e/authID=hDFEW/tracking.php?sessionid=1bcagi+08fh25e3d7+94j6BmJ+T5+Z8+agOou+b7Fw2AaS39fDM4+PSgrG6C1NXEk+wHKILYp+86643640001,0,1,1,1
https://considerate-chimpanzee.static.app/?id=apeterson@tonkawa.com,0,1,1,1
https://barclaysreactivation.web.app/barclays%20support.dmg,0,1,1,1
http://help-protect-use.com/,0,1,1,1
https://packet-anpost.com/e/authID=VUgbN/tracking.php?sessionid=b6fa3ic25e+9h7+j0814dgS+++k+wK8D6+1GLSAEb2g+wXra4C3Mg9Im+JFoPu5NTZHfO7paBY45241413684,0,1,1,1
https://packet-anpost.com/e/authID=wnr7y/tracking.php?sessionid=91gje0i42h85+6daf7cb+3JE4+kF+S+9OGKgMawIwPfugH1orm8LXAa76pZ+NbDC5+S3+B2T+Y13222967771,0,1,1,1
http://availablehookups.telgramlive.asia/,0,1,1,1
http://www.pfienrgk.com/,0,1,1,1
https://holaelpaso.es/au/TaxAU/aa30a/,0,1,1,1
https://ipfs.io/ipfs/QmWA7wghJPnJhBscDe5HoHFvZBkYJEiTwYZcqU2Nfq5DLP?fi,0,1,1,1
http://165-227-116-246.cprapid.com/de/update.php,0,1,1,1
http://tools.usps-trackingpackage.com/verify/,0,1,1,1
http://usps.postces.top/verify/,0,1,1,1
https://psuperrs.site/Welcome,0,1,1,1
http://www.fep64.com/,0,1,1,1
http://www.rb.gy/tsc8v/,0,1,1,1
http://tools.usps-trackingpackage.com/go/TrackConfirmAction/,0,1,1,1
http://usps.postaoer.com/verify/,0,1,1,1
http://usps.stamppos.com/verify.html,0,1,1,1
https://airphotoshop.com/176192310267d28c000/35_793654_2780938/2356_6537123_06gzqxq_38/1119365476_185-194-93-13$/,0,1,1,1
http://airphotoshop.com/176192310267d28c000/35_793654_2780938/2356_6537123_06gzqxq_38/1119365476_35-203-252-117$,0,1,1,1
http://airphotoshop.com/176192310267d28c000/35_793654_2780938/2356_6537123_06gzqxq_38/1119365476_35-241-220-252$,0,1,1,1
https://airphotoshop.com/176192310267d28c000/35_793654_2780938/2356_6537123_06gzqxq_38/1119365476_35-203-252-117$/,0,1,1,1
http://pub-30e09a695d384119ae7a85a4f4ba9446.r2.dev/kmpn.html,0,1,1,1
http://us.ps-post.com/go/TrackConfirmAction/,0,1,1,1
http://danakaget.idve.app/kaget=s6j7sxzeazg&r=iVlQUs/,0,1,1,1
http://special-promo.github.io/dana/,0,1,1,1
http://www.3115tt.com/,0,1,1,1
http://www.businessfulfillmentservices.com/,0,1,1,1
https://bafybeie5o5qf7ca5yg2blfneppioegbbfqf5lebl4o7thhz3pbnrfq67ye.ipfs.cf-ipfs.com/,0,1,1,1
https://verifyaccount537491.duckdns.org/confirm.html,0,1,1,1
https://verifyaccount537491.duckdns.org/confirm2.html,0,1,1,1
https://verifyaccount938951.duckdns.org/confirm.html,0,1,1,1
https://verifyaccount938951.duckdns.org/confirm2.html,0,1,1,1
http://verifyaccount938951.duckdns.org/,0,1,1,1
https://verifyaccount938951.duckdns.org/invalid.html,0,1,1,1
http://www.verifyaccount537491.duckdns.org/,0,1,1,1
http://monicavilla-senor17.duckdns.org/index2.html,0,1,1,1
http://monicavilla-senor17.duckdns.org/warning.html,0,1,1,1
http://www.tyresomoderaterna.com/wp-admin/css/colors/light/ftfcu/FTFCU/myemail.html,0,1,1,1
https://www.compass.academy/forum/64d8ec6e5708910010d60f04/when-i-started-my-walk?postId=64f156e733fa430010459519&origin=notification,0,1,1,1
http://100kwt.com/,1,0,0,0
http://10svodok.su/,1,1,0,0
http://1c.ru/,1,0,0,0
https://1plus1.ua/,1,0,0,0
https://1prime.ru/,1,0,0,0
http://1tvcrimea.ru/,1,0,0,0
http://24tv.ua/,1,0,1,0
http://2ch.hk/,1,1,1,0
http://3a-pycb.livejournal.com/,1,0,1,0
http://6ott-mit-uns.livejournal.com/,1,0,1,0
http://72.14.203.104/,1,1,1,0
http://72.14.203.104/search?hl=zh-CN&q=cache:http://www.sh.xcmc.com.cn/,1,1,1,0
http://a-burlaka.livejournal.com/,1,0,1,0
http://a-osipoff.livejournal.com/,1,0,0,0
http://a-sadov.livejournal.com/,1,0,0,0
http://abclider.com/,1,0,1,0
http://abcnews.go.com/,1,0,1,0
http://adengo.ru/,1,0,1,0
https://admin-gorlovka.ru/,1,0,1,0
http://advisor.wmtransfer.com/,1,0,1,0
https://afisha.yandex.ru/moscow,1,0,1,0
http://agroprom.msdnr.ru/,1,0,1,0
http://ags.demokratia.ru/,1,0,1,0
http://alexabarboss.blogspot.com/,1,0,1,0
http://allcrimea.net/,1,0,1,0
http://alstrangers.livejournal.com/,1,0,1,0
http://amnesty.org.ru/,1,0,1,0
http://amvrosievka.dn.ua/,1,0,1,0
http://anaitiss.livejournal.com/,1,0,1,0
http://anekdot-blogger.blogspot.com/,1,0,1,0
http://anna-news.info/,1,0,1,0
http://another-kashin.livejournal.com/,1,0,1,0
http://antifashist.com/,1,0,1,0
http://antijob.mahost.org/,1,0,1,0
http://antimaydan.info/,1,0,1,0
http://arbitrage.webmoney.ru/,1,0,1,0
http://arestant.msk.ru/,1,0,1,0
https://artv-news.ru/,1,0,1,0
https://auto.ru/,1,0,1,0
http://awvestnik.narod.ru/,1,1,0,0
https://az.wikipedia.org/,1,0,1,0
http://azart.net.ua/,1,1,0,0
http://azartplay.com/,1,0,0,0
http://azatlyk-vatan.blogspot.com/,1,0,1,0
http://bagnet.org/,1,0,1,0
http://balashov.com.ua/,1,0,0,0
http://banking.guarantee.ru/,1,0,0,0
http://banking.wmeuro.eu/,1,0,0,0
https://banks.webmoney.ru/,1,0,0,0
http://beon.ru/,1,0,0,0
http://betway.com/,1,0,0,0
http://bh42.blogspot.com/,1,0,0,0
http://blacksea.tv/,1,0,0,0
http://blog.i.ua/,1,0,0,0
http://blog.kp.ru/,1,0,1,0
http://blog.liga.net/,1,0,1,0
http://blog.meta.ua/,1,0,1,0
http://blog.ru/,1,0,1,0
http://blogroll.ru/,1,0,1,0
http://blogs.kafanews.com/blog,1,0,1,0
http://blogs.korrespondent.net/,1,0,1,0
http://blogs.lb.ua/,1,0,1,0
http://blogs.mail.ru/,1,0,1,0
http://blogs.pravda.com.ua/,1,0,1,0
http://blogs.privet.ru/,1,0,1,0
http://blogs.voanews.com/,1,0,1,0
http://blogs.wsj.com/,1,1,1,0
http://blogs.yandex.ru/,1,0,1,0
http://blogseo.ru/,1,0,1,0
http://blogsochi.ru/,1,0,1,0
http://bride.ru/,1,0,1,0
http://brttv.ru/,1,1,1,0
http://buddhism.org.ru/,1,0,1,0
http://buddhist.ru/,1,0,1,0
http://buro-perevodov14.jino-net.ru/,1,0,1,0
http://c-eho.info/,1,0,1,0
http://c-pravda.ru/,1,0,1,0
http://cannabisnature.com/,1,0,0,0
http://caseofpussyriot.livejournal.com/,1,0,0,0
http://censor.net.ua/,1,0,1,0
https://censor.net.ua/,1,0,0,0
http://chadayev.livejournal.com/,1,0,0,0
http://chertog.livejournal.com/,1,0,0,0
http://childrenscinema.com/,1,0,0,0
http://comitet.su/,1,0,0,0
http://commersant.ua/,1,0,0,0
http://community.livejournal.com/,1,0,0,0
http://community.livejournal.com/dpni_ru,1,0,0,0
http://community.livejournal.com/openrussia/,1,0,0,0
http://compromat.ru/,1,0,0,0
http://cones.tv/,1,0,0,0
http://connect.ua/,1,0,0,0
http://contracept.newlist.ru/,1,0,0,0
http://coordmedcentr.org/,1,0,0,0
https://credit.webmoney.ru/,1,0,0,0
http://crimea.gov.ru/,1,0,0,0
http://crimea.ria.ru/,1,0,0,0
http://crimea24.info/,1,0,0,0
http://cripo.com.ua/,1,0,0,0
http://czeczenia-rus.blog.onet.pl/,1,0,0,0
http://damochka.ru/,1,0,0,0
https://dan-news.info/,1,0,0,0
http://dating.ru/,1,0,0,0
http://datmob.net/,1,0,0,0
https://debt.wmtransfer.com/,1,0,0,0
http://deep21.sitecity.ru/,1,0,0,0
http://depositfiles.com/,1,0,0,0
http://diaspora.iatp.org.ua/,1,0,1,0
http://digitalrussia.tv/,1,0,1,0
http://diplomaticsecondpassport.com/,1,0,1,0
https://direct.yandex.ru/,1,0,1,0
http://directory.mblog.ru/,1,1,1,0
https://disk.yandex.ru/,1,0,1,0
http://dmitriyev.hiblogger.net/,1,0,1,0
http://dni.ru/,1,0,1,0
https://dnipress.com/,1,1,1,0
http://dnmchs.ru/,1,0,1,0
http://dnr-hotline.ru/,1,0,1,0
http://dnr-live.ru/,1,0,0,0
http://dnr-lnr.ru/,1,0,0,0
http://dnr-news.com/,1,0,0,0
https://dnr-pravda.ru/,1,0,0,0
https://dnr.one/,1,0,0,0
http://dnr24.com/,1,0,0,0
http://dnr24.su/,1,0,0,0
http://dnrru.ru/,1,0,0,0
http://dnrtv.ru/,1,0,0,0
http://donbass.ua/,1,0,0,0
http://donmintrans.ru/,1,0,0,0
http://donnerwort.livejournal.com/,1,0,0,0
http://drugoi.livejournal.com/,1,0,0,0
http://drugspowerstore.com/,1,0,0,0
http://e-news.su/,1,0,0,0
http://echo.msk.ru/,1,0,0,0
http://echo.msk.ru/blog/navalny/,1,0,0,0
http://ej.punkchords.com/,1,0,0,0
http://ej.ru/,1,0,0,0
http://elhosting.ru/,1,0,0,0
http://elitvip.ru/,1,0,0,0
http://en.netlog.com/,1,0,0,0
http://en.rian.ru/,1,0,0,0
http://endryx.livejournal.com/,1,0,0,0
http://eng.cnews.ru/,1,0,0,0
http://eng.yabloko.ru/,1,0,0,0
http://english.ruvr.ru/,1,0,0,0
http://epravda.com.ua/,1,0,0,0
http://eurasia.org.ru/,1,0,0,0
http://eve-kill.net/,1,0,1,0
https://events.wmtransfer.com/,1,0,0,0
https://exchanger.money/,1,0,1,0
http://expres.ua/,1,0,0,0
http://facebook.com/,1,0,0,0
http://facenews.ua/,1,0,0,0
http://facty.ua/,1,0,0,0
http://fast-die.kiev.ua/,1,0,0,0
http://fast-torrent.ru/,1,0,1,0
http://fca.narod.ru/,1,0,0,0
http://fei.ru/,1,0,0,0
http://fgi-lnr.su/,1,0,0,0
https://files.wmtransfer.com/,1,0,1,0
http://fileshare.in.ua/,1,0,0,0
http://finance.yahoo.com/,1,0,1,0
http://flash.va-bank.com/,1,0,1,0
http://flibusta.net/,1,0,0,0
http://flirchi.ru/,1,0,0,0
http://forum.lingvo.ru/,1,0,0,0
http://free.newyork.ru/,1,0,0,0
http://freedomhouse.org/russia-eve-sochi,1,0,0,0
http://freepromote.ru/,1,0,0,0
http://freepussyriot.org/,1,0,0,0
https://freeu.online/,1,0,0,0
https://freeu.zone/,1,0,0,0
http://freeware32.ru/,1,0,0,0
http://from-ua.com/,1,0,0,0
http://gaia.ru/,1,0,0,0
http://gamsoft.ru/,1,0,0,0
http://gayzona.com/,1,0,0,0
http://gazeta.06237.info/,1,0,1,0
http://gazeta.ru/,1,0,1,0
http://gazeta.ua/,1,0,1,0
http://gazetacrimea.ru/,1,0,1,0
http://gej.ru/,1,0,1,0
http://gennbalashov.hiblogger.net/,1,0,1,0
http://genocid.net/,1,0,1,0
https://gknslnr.su/,1,0,1,0
http://glavcom.ua/,1,0,1,0
http://glavnoe.ua/,1,0,1,0
http://glavstat.govdnr.ru/,1,0,1,0
http://glazev.ru/,1,0,1,0
http://globalvoicesonline.org/,1,0,1,0
http://go-krit.com/,1,0,1,0
http://go-krit.com/workshop,1,1,1,0
http://goloskarpat.info/blog,1,1,0,0
https://golospravdy.com/,1,1,0,0
http://google.com.ua/,1,0,0,0
http://google.com/,1,0,0,0
https://gorlovka.today/,1,0,0,0
http://grani.punkchords.com/,1,1,0,0
http://grani.ru/,1,0,0,0
http://grani.ru/blogs/free/entries/192925.html,1,0,0,0
http://grani.ru/blogs/free/entries/193731.html,1,0,0,0
http://grani.ru/opinion/limonov/,1,0,0,0
http://growclub.org/,1,0,0,0
http://growerz.org/,1,0,0,0
http://gtrklnr.com/,1,0,0,0
http://guru.ua/,1,0,0,0
http://haamash.wordpress.com/,1,0,0,0
http://haker.iphosting.ru/,1,0,0,0
http://haplyk.hiblogger.net/,1,0,0,0
http://hi.dn.ua/,1,0,0,0
http://holmogor.livejournal.com/,1,0,0,0
http://hosting.rbc.ru/,1,0,0,0
http://hoteljans.nl/,1,0,0,0
http://hromadske.dn.ua/,1,0,0,0
https://hromadske.ua/,1,0,0,0
http://humanrights-ru.livejournal.com/,1,0,0,0
http://hunafa.com/,1,0,0,0
http://hunafa.info/,1,0,0,0
http://hvylya.net/,1,0,0,0
http://hvylya.org/,1,0,1,0
http://hw.ru/,1,0,1,0
http://i-mult.tlum.ru/,1,0,0,0
http://ikrim.net/,1,0,1,0
https://ikstv.ru/,1,0,0,0
http://ilga-europe.org/home/how_we_work/previous_projects/russian_project/the_russian_lgbt_network,1,0,0,0
http://imrussia.org/,1,0,1,0
http://in.reuters.com/,1,0,0,0
http://informator.lg.ua/,1,0,1,0
http://ingushetiyaru.org/,1,0,1,0
http://inosmi.ru/,1,0,1,0
https://inosmi.ru/,1,0,1,0
http://inpress.org.ua/,1,0,1,0
http://inter.ua/uk/,1,0,1,0
https://investigator.org.ua/,1,0,1,0
http://ipress.ua/,1,0,1,0
http://ipvnews.org/,1,0,1,0
http://islam.com.ua/,1,0,1,0
http://itblogs.ru/,1,1,1,0
http://itc.ua/article.phtml?ID=25235,1,1,1,0
http://itc.ua/article.phtml?ID=25236,1,1,1,0
http://itc.ua/article.phtml?ID=25237,1,0,1,0
http://itc.ua/article.phtml?ID=25238,1,0,1,0
http://itc.ua/article.phtml?ID=25240,1,0,1,0
http://izpp.govdnr.ru/,1,0,0,0
https://jahforum.org/,1,0,0,0
http://jakor.livejournal.com/,1,0,0,0
http://join.com.ua/,1,0,0,0
http://judaica.kiev.ua/,1,0,0,0
http://jurist.org/,1,0,0,0
http://justinkripps.ca/,1,0,0,0
http://kasparov.punkchords.com/,1,0,0,0
http://kasyanov.ru/,1,0,0,0
http://kavkaz.org.uk/,1,0,0,0
http://kavkaz.tv/,1,0,0,0
http://kavkaznews.com/,1,0,0,0
http://kazache.ru/,1,0,0,0
https://keeper.webmoney.ru/,1,0,0,0
https://keeper.wmtransfer.com/,1,0,0,0
http://kianews24.ru/,1,0,0,0
http://kolebcev.v-teme.com/,1,0,0,0
http://komtv.org/,1,0,0,0
http://konstantinovka.dn.ua/,1,0,0,0
https://konstantinovka.dn.ua/,1,0,0,0
http://korrespondent.net/,1,0,0,0
http://krown-products.net/,1,0,0,0
http://kurush1.livejournal.com/,1,0,0,0
http://lb.ua/,1,0,0,0
http://leontiev.livejournal.com/,1,0,0,0
http://leteha.livejournal.com/,1,0,0,0
http://lgbt-grani.livejournal.com/,1,0,0,0
http://lgbtnet.ru/,1,0,1,0
http://lib.rus.ec/,1,0,1,0
https://life.ru/,1,0,1,0
http://liga.net/,1,0,1,0
http://ligazn.ru/,1,0,1,0
https://light.webmoney.ru/,1,0,1,0
https://light.wmtransfer.com/,1,0,1,0
http://limonka.nbp-info.com/?,1,0,1,0
http://limonova.v-teme.com/,1,0,1,0
http://links.i.ua/,1,0,1,0
http://liveinternet.ru/,1,0,0,0
http://livejournal.com/,1,0,1,0
http://livemy.info/,1,0,0,0
https://lnr.media/,1,0,1,0
http://lnr.today/,1,0,0,0
http://login.wmtransfer.com/,1,0,1,0
http://looo.ch/,1,0,1,0
http://love.mail.ru/,1,0,0,0
http://loveplanet.ru/,1,0,0,0
https://lt-lnr.su/,1,1,0,0
http://lug-info.com/,1,1,0,0
https://lug24.ru/,1,1,0,0
http://lug24.ru/,1,0,0,0
http://lugansk-online.su/,1,0,0,0
http://lugansk.site/,1,1,0,0
http://lugansk1.info/,1,1,0,0
http://lurkmore.to/,1,1,0,0
http://luxtorrents.com/,1,1,0,0
http://maidan.org.ua/,1,0,0,0
http://maidanua.org/,1,0,0,0
http://mail.goon.ru/,1,0,0,0
http://mail.km.ru/,1,0,0,0
http://mail.rambler.ru/,1,0,0,0
http://mail.ru/,1,0,0,0
https://mail.wmid.com/,1,0,0,0
https://mail.yandex.ua/,1,0,0,0
http://mamadu.ru/,1,0,0,0
http://mamadu.ru/transl.htm,1,0,0,0
http://marketgid.com/,1,0,0,0
http://maxim-sokolov.livejournal.com/,1,0,0,0
http://mc-masters.livejournal.com/,1,0,0,0
https://mchs-lnr.su/,1,0,0,0
http://mentalprograms.narod.ru/,1,0,0,0
http://merchant.webmoney.ru/,1,0,0,0
http://merchant.wmtransfer.com/,1,0,0,0
https://merlnr.su/,1,0,0,0
https://meta.wikimedia.org/,1,0,0,0
http://metayogg.at.ua/,1,0,0,0
http://mgb-dnr.ru/,1,0,0,0
http://mgblnr.org/,1,0,0,0
http://miaistok.su/,1,0,0,0
http://mignews.com.ua/,1,0,0,0
http://milli-mejlis.blogspot.com/,1,0,0,0
http://mincult.govdnr.ru/,1,0,0,0
https://minfindnr.ru/,1,0,0,0
https://minfinlnr.su/,1,0,0,0
https://mini.webmoney.ru/,1,0,0,0
https://mini.wmtransfer.com/,1,0,1,0
http://minjust-dnr.ru/,1,0,1,0
https://minobr.su/,1,1,1,0
https://minpromlnr.su/,1,0,1,0
https://minstroy-dnr.ru/,1,0,1,0
https://minstroylnr.su/,1,0,1,0
http://mintek-dnr.ru/,1,0,1,0
http://mintop.su/,1,0,1,0
https://mintrudlnr.su/,1,0,1,0
http://mister-tt.livejournal.com/,1,0,1,0
http://mn.ru/moscow_people/20120124/310329193.html,1,0,1,0
http://mnk.org.ua/,1,0,0,0
http://mondnr.ru/,1,0,0,0
https://money.yandex.ru/,1,0,0,0
http://moyashkola.com/,1,0,0,0
https://mprlnr.su/,1,0,0,0
https://mshiplnr.su/,1,0,0,0
https://mslnr.su/,1,0,0,0
http://mtspdnr.ru/,1,0,0,0
https://mtur.rk.gov.ru/ru/index,1,0,0,0
https://mu-lnr.su/,1,0,0,0
https://multvkino.tlum.ru/,1,0,0,0
https://music.yandex.ua/,1,0,0,0
https://mvddnr.ru/,1,0,0,0
http://mvdlnr.ru/,1,0,0,0
http://my.lesbi.name/,1,0,0,0
http://mynews-in.net/news/politics/2007/08/02/1160874.html,1,1,0,0
https://nahnews.org/,1,1,0,0
http://nakur.ruckp.org/,1,1,0,0
http://namarsh.ru/,1,0,0,0
http://nardemsoyuz.ru/,1,1,1,0
http://naspravdi.info/,1,1,1,0
http://navalny.livejournal.com/,1,0,1,0
http://navalny.platosha.ru/,1,1,1,0
http://navalny.punkchords.com/,1,1,1,0
http://navalny.zona.me/,1,1,1,0
http://naviny.by/,1,0,1,0
http://nblog.in/,1,0,1,0
http://nbnews.com/,1,0,1,0
https://news-front.info/,1,0,0,0
http://news-front.info/,1,0,0,0
http://news.bbc.co.uk/hi/russian/,1,0,0,0
http://news.dt.ua/,1,0,0,0
http://news.liga.net/,1,0,0,0
http://news.tochka.net/,1,0,0,0
https://news.yandex.ru/,1,0,0,0
http://newsland.com/,1,0,0,0
http://newsru.com.ua/,1,0,0,0
http://newsru.com/,1,0,0,0
http://newzz.in.ua/,1,0,0,0
http://nm-g.ru/,1,0,0,0
http://nordrus-norna.livejournal.com/,1,0,0,0
http://novopressa.ru/,1,0,0,0
https://novorosinform.org/,1,0,0,0
http://novoross.info/,1,0,0,0
http://novorossia-tv.ru/,1,0,0,0
http://novorossia.pro/,1,0,0,0
http://novorossia.su/,1,0,0,0
http://novorossia.today/,1,0,0,0
http://novorossiia.ru/,1,0,0,0
http://novorossiy.info/,1,1,0,0
http://novorus.info/,1,0,0,0
http://novosti-tchasa.com/,1,0,0,0
http://novosti.dn.ua/,1,0,0,0
http://nr2.com.ua/,1,0,0,0
http://nrt24.ru/,1,1,0,0
http://ns-wp.ws/,1,1,0,0
https://nslnr.su/,1,1,0,0
http://nt1941.su/,1,1,0,0
http://nts-tv.com/,1,0,0,0
https://ntvplus.ru/,1,0,0,0
http://nuclearno.ru/,1,0,0,0
http://nvrus.org/,1,0,0,0
http://obkom.net.ua/,1,0,0,0
http://oblicomorale.blogspot.com/,1,0,0,0
http://obozrevatel.com/,1,0,0,0
https://odnarodyna.org/,1,0,0,0
https://ok-gazeta.ru/,1,0,0,0
https://ok.ru/,1,0,0,0
https://ok.ru/google55e918a7d2970a76.html,1,0,0,0
http://okkupatsiya.net/,1,0,1,0
http://okpz.freeservers.com/,1,0,0,0
http://omen.ru/,1,0,1,0
http://oper-v-zakone.livejournal.com/,1,0,0,0
http://osp-ua.info/,1,0,0,0
https://otr-online.ru/,1,0,0,0
http://passiya.com/,1,0,0,0
https://passport.webmoney.ru/,1,0,1,0
http://pda.epravda.com.ua/,1,0,1,0
http://peoplefirst.org.ua/,1,0,1,0
http://pictureview.com/,1,0,1,0
http://piter.indymedia.ru/,1,0,0,0
http://plainnews.ru/,1,0,0,0
http://pocciy.com/,1,0,0,0
http://pochta.ru/,1,0,1,0
http://podrobnosti.ua/,1,0,0,0
http://polemika.com.ua/,1,0,0,0
http://politcentr.ru/,1,1,0,0
http://polithexogen.ru/,1,0,0,0
http://politiko.ua/blogpost82463,1,1,0,0
http://pornhub.com/,1,0,0,0
http://pornolab.net/,1,0,0,0
http://postrana.narod.ru/,1,0,0,0
http://pravda.com.ua/,1,0,0,0
http://pravda.dn.ua/,1,1,0,0
http://pravdanaroda.info/,1,1,0,0
http://pravdaoputine.ru/,1,1,0,0
https://pravdoryb.info/,1,1,0,0
http://pravo.org.ru/,1,1,0,0
http://preservativ.chat.ru/,1,0,0,0
http://protiv-putina.ru/,1,0,0,0
http://proua.com/,1,0,0,0
http://provokator-ua.narod.ru/,1,0,0,0
http://psyplants.org/,1,0,0,0
https://pt.wikipedia.org/,1,0,0,0
http://punto.ru/,1,0,0,0
http://pussy-riot.livejournal.com/,1,0,0,0
http://pussy-riot.livejournal.com/11352.html,1,0,0,0
http://pussy-riot.livejournal.com/12442.html,1,0,0,0
http://pussy-riot.livejournal.com/12658.html,1,0,0,0
http://pussy-riot.livejournal.com/5164.html,1,0,0,0
http://pussy-riot.livejournal.com/5497.html,1,0,0,0
http://pussy-riot.livejournal.com/5763.html,1,0,0,0
http://pussy-riot.livejournal.com/8459.html,1,0,0,0
http://putinbog.wordpress.com/,1,0,0,0
http://putinhuy.com/,1,1,0,0
http://queerussia.info/,1,1,1,0
https://radiovera.ru/,1,0,1,0
http://raznesi.info/blog,1,0,1,0
http://rbth.ru/,1,0,1,0
http://rbth.ru/lgbt_in_russia,1,0,1,0
https://realty.ria.ru/,1,0,0,0
http://redenginejeans.com/,1,0,0,0
http://redray-lnr-news.su/,1,0,0,0
http://reinform.livejournal.com/,1,0,0,0
http://reporter-crimea.ru/,1,0,0,0
http://republic-tv.ru/,1,0,0,0
https://ria.ru/,1,0,0,0
https://ria.ru/sn/,1,0,0,0
https://riafan.ru/,1,0,0,0
http://riarating.ru/,1,0,0,0
https://rk.gov.ru/,1,0,0,0
https://rsport.ria.ru/,1,0,0,0
http://rst-dnr.ru/,1,0,0,0
http://rt.com/,1,0,0,0
http://rtr-planeta.com/,1,0,0,0
http://ru-an.info/,1,0,0,0
https://ru.tsn.ua/,1,0,1,0
https://ru.wiktionary.org/,1,0,1,0
http://ru.yahoo.com/,1,0,0,0
http://rublacklist.net/,1,0,1,0
http://rus.newsru.ua/,1,0,0,0
http://ruskline.ru/,1,0,0,0
http://rusnext.ru/,1,0,0,0
http://ruspravda.info/,1,0,0,0
http://rusrep.ru/article/2012/02/24/pussy_riot,1,0,0,0
http://russia.indymedia.org/,1,0,0,0
http://russialist.org/,1,0,0,0
https://russian.rt.com/,1,0,0,0
http://rusvesna.su/,1,0,0,0
http://rutor.org/,1,0,0,0
http://rutracker.org/,1,0,0,0
http://rwaho.wordpress.com/,1,0,0,0
http://rybakov.spb.ru/,1,0,0,0
http://s-narodom.ru/,1,0,0,0
http://scripts.protoplex.ru/,1,0,0,0
http://scripts.protoplex.ru/scripts_show/1812.html,1,0,0,0
http://security.webmoney.ru/,1,0,0,0
http://security.wmtransfer.com/,1,0,0,0
http://semyanich.co/,1,0,0,0
http://sevastopol.press/,1,0,0,0
http://sevbat.com.ua/,1,0,0,0
http://sexbomba.ru/,1,0,0,0
http://sexfilm.al.ru/,1,0,0,0
http://shaman.aha.ru/,1,0,0,0
http://shopmixes.com/,1,0,0,0
http://siburbia.ru/columns/pussy-riot-udelyivayut-metro/,1,0,0,0
https://slavdelo.dn.ua/,1,0,0,0
https://slavgromada.wordpress.com/,1,0,1,0
http://slavinfo.dn.ua/,1,0,0,0
http://slon.ru/,1,0,0,0
http://smdnr.ru/,1,0,1,0
http://snr24.com/,1,0,1,0
https://socportal.info/,1,1,0,0
http://soft-ru.fatal.ru/,1,0,0,0
http://soft.li.ru/,1,1,0,0
http://soskin.blogspot.com/,1,0,0,0
http://south-gir.livejournal.com/,1,0,0,0
http://sova-center.ru/,1,0,1,0
https://sovminlnr.ru/,1,0,1,0
http://sptimes.ru/index.php?action_id=2&story_id=35092,1,0,1,0
http://squarespace.com/,1,0,1,0
http://stalinism.ru/,1,0,1,0
http://stoyakin.org.ua/,1,0,1,0
http://subscribe.ru/,1,0,1,0
http://surfshield.net/,1,0,1,0
http://tabloid.com.ua/,1,0,0,0
https://telepay.webmoney.ru/,1,0,0,0
http://thecircle.org.au/,1,0,0,0
http://tk-union.tv/,1,0,0,0
http://tnt-online.ru/,1,0,0,0
http://tochka.net/,1,0,0,0
http://top.jdu.ru/,1,0,0,0
http://topics.nytimes.com/,1,0,0,0
http://topless.com.ua/,1,0,0,0
http://torrents.net.ua/,1,0,0,0
http://torrentsfilm.com/,1,0,0,0
https://translate.yandex.ru/,1,0,0,0
http://trk-luch.ru/,1,0,0,0
http://trkmillet.ru/,1,0,0,0
http://truesite.ru/,1,0,0,0
https://tsiklnr.su/,1,0,0,0
https://tsn.ua/,1,0,0,0
http://turbobit.net/,1,0,0,0
http://tv.rbc.ru/,1,0,0,0
http://tvkultura.ru/,1,1,0,0
http://tvrain.ru/,1,0,0,0
https://tvzvezda.ru/,1,1,0,0
https://twitter.com/#!/pussy_riot,1,0,0,0
https://twitter.com/novostidnua,1,0,0,0
https://twitter.com/rulgbtnet,1,0,0,0
http://tyzhden.ua/,1,0,0,0
http://ua-today.com/,1,0,0,0
http://uainforg.livejournal.com/,1,0,0,0
http://ubop.net.ua/,1,0,0,0
http://ubp.com.ua/,1,0,0,0
https://uk.wikipedia.org/,1,0,0,0
http://ukr.aif.ru/,1,0,0,0
http://ukr.net/,1,0,0,0
https://ukraina.ru/,1,0,0,0
http://ukraineanalysis.wordpress.com/,1,0,0,0
http://ukrainianweek.com/,1,0,0,0
http://ukrinfonews.com.ua/,1,0,0,0
http://ukrnews24.com/,1,0,1,0
http://uncyclopedia.wikia.com/wiki/main_page,1,0,1,0
http://ungheni.ru/,1,0,0,0
http://unian.net/,1,0,1,0
https://update.brwsrapi.com/blckd.json,1,0,1,0
https://update.mrbrwsr.com/blckd.json,1,0,1,0
https://update.savebrwsr.com/blckd.json,1,0,1,0
https://update.svbrwsr.com/blckd.json,1,0,1,0
https://update.updtapi.com/blckd.json,1,0,1,0
https://update.updtbrwsr.com/blckd.json,1,0,1,0
http://ura.dn.ua/,1,0,1,0
http://urbantimes.co/,1,0,1,0
http://vdagestan.com/,1,0,0,0
http://vdagestan.info/,1,0,0,0
http://versii.com/,1,0,0,0
http://vesna-info.ru/,1,0,0,0
http://vgolos.com.ua/,1,0,0,0
http://vgtrk.com/,1,0,0,0
http://video-one.com/,1,0,0,0
http://video.bigmir.net/,1,0,0,0
http://video.meta.ua/,1,0,0,0
http://vk.com/live_ukr,1,0,0,0
http://vk.com/minitrue,1,0,0,0
https://vk.com/ping.txt,1,0,0,0
http://vk.com/public62043361,1,0,0,0
http://vkontakte.ru/,1,0,0,0
http://vresearche.com/,1,0,0,0
http://vsednr.ru/,1,0,0,0
http://vsereferaty.ru/,1,0,0,0
http://vsezoo.com/,1,0,0,0
http://vsyapravda.com/,1,0,0,0
http://wbc.com.ru/,1,0,0,0
https://webmaster.yandex.ru/,1,0,0,0
http://weedhash.biz/,1,0,0,0
http://wiki.webmoney.ru/,1,0,0,0
https://withdraw.web.money/,1,0,0,0
https://wm.exchanger.money/,1,0,0,0
http://wmsc1.webmoney.ru/,1,0,0,0
http://world.time.com/,1,0,0,0
https://www.06239.com.ua/,1,0,0,0
https://www.06252.com.ua/,1,0,0,0
https://www.06274.com.ua/,1,0,0,0
http://www.1c-bitrix.ru/,1,0,1,0
http://www.1sev.tv/,1,0,1,0
https://www.1tv.com/,1,0,1,0
https://www.1tv.ru/,1,0,1,0
https://www.5-tv.ru/,1,0,1,0
https://www.5.ua/,1,0,1,0
https://www.62.ua/,1,0,1,0
https://www.6264.com.ua/,1,0,1,0
http://www.7ya.ru/,1,0,1,0
http://www.7ya.ru/pub/contr/,1,0,1,0
http://www.adcoalition.org.ua/,1,0,1,0
http://www.aej.org.ua/,1,0,1,0
http://www.afew.org/,1,0,1,0
http://www.afew.org/russian/,1,0,1,0
http://www.afisha.ru/article/pussy-riot-against-putin/,1,0,1,0
http://www.agava.ru/,1,0,1,0
http://www.agava.ru/hosting/,1,0,1,0
http://www.agentura.ru/,1,0,1,0
http://www.agitclub.ru/,1,0,1,0
http://www.aglob.ru/,1,0,1,0
http://www.aids.ru/,1,0,0,0
http://www.aids.ru/prevent/safesex.shtml,1,0,0,0
http://www.aif.ru/,1,0,0,0
http://www.akm.ru/,1,0,0,0
http://www.alco.ru/,1,0,0,0
http://www.alexhost.ru/,1,0,0,0
http://www.alternativy.ru/,1,0,0,0
http://www.amnestyusa.org/sites/default/custom-scripts/russia/,1,0,0,0
http://www.annacasino.ru/,1,0,0,0
http://www.antirev.ru/,1,0,0,0
http://www.apn.ru/,1,0,0,0
http://www.aport.ru/,1,0,0,0
http://www.araxgroup.ru/,1,0,0,0
http://www.avtoazov.com.ua/,1,0,0,0
http://www.awz.ru/,1,0,0,0
http://www.bakerlawfirm.com/,1,0,0,0
http://www.bbc.co.uk/news/world-europe-17187572,1,0,0,0
http://www.beehost.ru/,1,0,0,0
http://www.bestrussiandating.com/,1,0,0,0
http://www.bezcenzury.ru/,1,0,0,0
http://www.bitnet.ru/,1,0,0,0
http://www.bitnet.ru/psycho/hacker.html,1,0,0,0
http://www.bitrixsoft.ru/,1,0,0,0
http://www.blackblocg.info/,1,0,0,0
http://www.blackseanews.net/,1,0,0,0
http://www.blogdir.ru/,1,0,0,0
http://www.bloglenta.ru/,1,0,0,0
http://www.bober-tv.ru/,1,0,0,0
http://www.breakingnews.ie/,1,0,0,0
http://www.buddhism.ru/,1,0,0,0
http://www.business-humanrights.org/documents/russia_human_rights_abuses_2014_winter_olympic_games,1,0,0,0
http://www.businesshosting.ru/,1,0,0,0
http://www.businessweek.com/,1,0,0,0
http://www.c-inform.info/,1,0,0,0
https://www.capitaller.ru/,1,0,0,0
http://www.carnegie.ru/,1,0,0,0
http://www.casino2000.ru/,1,0,1,0
http://www.casinoking.com/,1,0,0,0
http://www.chechentimes.net/,1,0,0,0
http://www.chekhlayzer.blogspot.ru/,1,0,0,0
http://www.civitas.ru/,1,0,1,0
http://www.cjes.ru/,1,0,0,0
http://www.cnews.ru/,1,0,0,0
http://www.compromat.ru/,1,0,0,0
http://www.contr-tv.ru/,1,0,0,0
http://www.copris.com/,1,0,0,0
http://www.copris.com/mco/,1,0,0,0
http://www.daymohk.org/,1,0,0,0
http://www.democracy.ru/,1,0,0,0
http://www.demokratia.ru/,1,0,0,0
http://www.diary.ru/,1,0,1,0
http://www.dikoe-pole.info/,1,0,0,0
http://www.dishisvobodno.ru/,1,0,0,0
https://www.dn.ua/,1,0,1,0
http://www.domkino-premium.tv/,1,0,1,0
https://www.domkino.tv/,1,0,0,0
http://www.download.ru/,1,0,0,0
http://www.dpni.ru/,1,0,0,0
http://www.drinkshop.ru/,1,0,0,0
https://www.drweb.ru/,1,0,1,0
http://www.duel.ru/,1,0,0,0
http://www.dw.de/,1,0,0,0
http://www.ebaka.ru/,1,0,0,0
http://www.echo.msk.ru/,1,0,0,0
http://www.echo.msk.ru/blog/navalny/,1,0,0,0
http://www.ecodefense.ru/,1,0,0,0
http://www.ecom-info.spb.ru/,1,0,0,0
http://www.ej.ru/,1,0,0,0
http://www.eliberator.ru/,1,1,0,0
http://www.euractiv.com/,1,0,0,0
http://www.euro.who.int/,1,0,0,0
http://www.europaplus.ru/,1,0,0,0
http://www.exile.ru/,1,1,0,0
http://www.expres.ua/,1,0,0,0
https://www.facebook.com/boycottsochi2014,1,0,0,0
https://www.facebook.com/lgbt.russia,1,0,0,0
https://www.facebook.com/nosochi2014,1,0,0,0
http://www.fairhost.ru/,1,0,0,0
http://www.family-planning.ru/,1,0,0,0
http://www.fank.ru/,1,0,0,0
http://www.filesearch.ru/,1,0,0,0
http://www.flb.ru/,1,0,0,0
http://www.flirt.com.ua/,1,0,0,0
http://www.forbes.com/,1,0,0,0
http://www.forest.ru/,1,0,0,0
http://www.format18.org/,1,0,0,0
http://www.freedomhouse.org.ua/,1,0,0,0
http://www.freeproxy.ru/,1,0,1,0
http://www.gay.ru/,1,0,0,0
http://www.gaynews.ru/,1,0,0,0
http://www.gazeta.ru/,1,0,1,0
http://www.gazeta.ru/social/2012/02/27/4013957.shtml,1,0,0,0
http://www.gdf.ru/,1,0,0,0
http://www.geo.orthodoxy.ru/,1,0,0,0
http://www.getto.ru/,1,0,0,0
http://www.globalequality.org/newsroom/latest-news/1-in-the-news/186-the-facts-on-lgbt-rights-in-russia,1,0,0,0
http://www.gmirussia.ru/,1,0,0,0
http://www.goldfaq.ru/,1,0,0,0
http://www.goldfishka.com/,1,0,0,0
http://www.goldfishka.ru/,1,0,0,0
http://www.google.ru/,1,0,0,0
http://www.grandcasino.ru/,1,0,0,0
http://www.grani.ru/,1,0,0,0
http://www.greenpeace.org/russia/,1,1,0,0
https://www.gtrklnr.com/,1,1,0,0
http://www.guardian.co.uk/commentisfree/2012/feb/03/pussy-riot-kremlin-protest-riot-grrrl,1,0,0,0
http://www.guardian.co.uk/world/2012/feb/02/pussy-riot-protest-russia,1,0,0,0
http://www.habrahabr.ru/,1,0,0,0
http://www.hakamada.ru/,1,0,0,0
http://www.hateit.ru/,1,0,0,0
http://www.hizb-russia.info/,1,1,0,0
http://www.holiday.ru/,1,0,0,0
http://www.homo-aphorism.narod.ru/,1,1,1,0
http://www.hrights.ru/,1,0,1,0
http://www.hro.org/,1,0,1,0
http://www.hrpublishers.org/,1,0,1,0
http://www.hrw.org/node/113248,1,0,1,0
http://www.hrw.org/people-and-power-2014-sochi-olympics,1,0,0,0
http://www.hrw.org/russian/press/russia/2003/131103_army.html,1,1,0,0
http://www.hrw.ru/,1,0,0,0
http://www.hunafa.com/,1,0,0,0
http://www.hunafa.info/,1,0,0,0
http://www.ichkeria.info/,1,0,0,0
http://www.iea.ru/,1,0,0,0
http://www.ikd.ru/,1,0,0,0
http://www.inauka.ru/,1,0,0,0
http://www.inauka.ru/blogs/,1,0,0,0
http://www.indiegogo.com/projects/know-sochi-olympics-on-the-land-of-genocide,1,0,0,0
http://www.inopressa.ru/,1,0,0,0
http://www.interfax.co.uk/,1,0,0,0
http://www.interfax.ru/,1,0,0,0
http://www.internews.ru/,1,0,0,0
http://www.irex.ru/,1,0,0,0
http://www.islam.ru/,1,0,0,0
http://www.islam.ru/hutba/halifat/,1,0,0,0
http://www.islamdin.biz/,1,0,0,0
http://www.islamdin.com/,1,0,0,0
http://www.isn.ethz.ch/,1,0,0,0
http://www.ispovednik.com/,1,0,0,0
http://www.itar-tass.com/,1,0,0,0
http://www.iucn.ru/,1,0,0,0
http://www.jino.ru/,1,0,0,0
http://www.jw.org/en/,1,0,0,0
http://www.kanal-o.ru/,1,0,0,0
https://www.karusel-tv.ru/,1,0,0,0
http://www.kasparov.ru/,1,0,0,0
http://www.kavkazcenter.com/,1,0,0,0
http://www.kavkazcenter.net/,1,0,0,0
http://www.kavkazchat.com/,1,0,0,0
http://www.kavkazweb.net/,1,0,0,0
http://www.kazak-chita.ru/,1,0,0,0
http://www.khodorkovsky.ru/,1,0,0,0
http://www.kianews.com.ua/,1,0,0,0
https://www.kinopoisk.ru/,1,1,0,0
http://www.kommersant.ru/,1,0,0,0
http://www.kp.ru/,1,0,0,0
http://www.ksdi.ru/,1,0,0,0
http://www.kupiproday.ru/,1,1,1,0
http://www.kyivpost.com/,1,0,1,0
http://www.lenta.ru/,1,0,1,0
http://www.lesbi.ru/,1,0,1,0
http://www.leviy.ru/,1,0,1,0
http://www.lgbt-ep.eu/tag/russia/,1,0,1,0
http://www.lgbtnet.ru/en,1,0,1,0
http://www.liberal.ru/,1,0,1,0
http://www.libertarium.ru/,1,0,1,0
http://www.libertarium.ru/libertarium/sorm,1,0,1,0
http://www.liga.net/,1,0,1,0
http://www.litsa.com.ua/blogs,1,0,1,0
http://www.livejournal.ru/themes/id/39503,1,0,1,0
http://www.lotoru.com/,1,0,1,0
http://www.love-ok.ru/,1,0,1,0
http://www.love-ok.ru/?id=4,1,0,0,0
http://www.lubovy.ru/,1,0,0,0
http://www.mahamudra.ru/,1,0,0,0
http://www.mail.ru/,1,0,1,0
http://www.mamba.ru/,1,0,0,0
http://www.mashina.org/,1,0,0,0
http://www.materi.ru/,1,0,1,0
http://www.mchost.ru/,1,0,1,0
http://www.med2000.ru/,1,0,1,0
http://www.medinkur.ru/,1,0,1,0
http://www.mega-intell.ru/,1,0,0,0
http://www.mega-intell.ru/Torg/torgzak.htm,1,0,0,0
http://www.megaregion.narod.ru/,1,0,1,0
http://www.memo.ru/,1,0,0,0
http://www.mhg.ru/,1,0,1,0
http://www.mideast.ru/,1,1,1,0
http://www.migrant.ru/,1,0,1,0
http://www.militaryphotos.net/,1,0,0,0
http://www.minjust.net/,1,0,0,0
http://www.mirzayanov.com/,1,0,0,0
http://www.mk.ru/politics/article/2012/01/20/662683-feministok-zaderzhali-na-krasnoy-ploschadi.html,1,0,0,0
http://www.moepravo.com/,1,0,0,0
http://www.mosclinic.ru/,1,0,0,0
http://www.moscowpride.ru/,1,0,0,0
http://www.mospat.ru/,1,0,0,0
http://www.msnbc.msn.com/,1,0,0,0
http://www.mterra.ru/,1,0,0,0
http://www.mterra.ru/sos/drugs/,1,0,0,0
http://www.muz1.tv/,1,0,0,0
http://www.mydarling.ru/,1,0,0,0
http://www.mysites.ru/,1,0,0,0
http://www.mysites.ru/full_desc.php?sid=56,1,0,0,0
http://www.namarsh.ru/,1,0,0,0
http://www.narkop.com/,1,0,0,0
http://www.narkotiki.ru/,1,0,0,0
http://www.nashe.ru/,1,0,0,0
http://www.nazbol.ru/,1,0,0,0
http://www.nazlobu.ru/,1,0,0,0
http://www.nbp-info.ru/,1,0,0,0
http://www.ndsm.ru/,1,0,0,0
http://www.nelegal.ru/,1,0,0,0
http://www.netman.ru/,1,0,0,0
http://www.netoteka.ru/,1,0,0,0
http://www.neweurasia.ru/,1,0,0,0
http://www.newsru.com/,1,0,0,0
http://www.newyorker.com/,1,0,0,0
http://www.nextmail.ru/,1,0,0,0
http://www.ng.ru/,1,0,0,0
http://www.nobribes.org/,1,0,0,0
http://www.nodrugs.ru/,1,0,0,0
http://www.nosochi2014.com/articles/1864-2014-circassian-genocide-olympics.php,1,0,0,0
http://www.nosochi2014.com/index.php,1,0,1,0
http://www.novayagazeta.ru/,1,0,0,0
http://www.novayagazeta.ru/arts/50062.html,1,0,0,0
http://www.novayagazeta.ru/society/50668.html,1,0,0,0
https://www.novorosinform.org/,1,0,1,0
http://www.novoross.info/,1,0,0,0
http://www.novorossia.org/,1,0,1,0
http://www.npr.org/2012/02/08/146581790/in-russia-punk-rock-riot-girls-rage-against-putin,1,0,1,0
http://www.ntvmir.ntv.ru/,1,0,0,0
http://www.nuruddin-info.blogspot.com/,1,0,1,0
http://www.oborona.org/,1,0,0,0
http://www.obozrevatel.com/,1,0,0,0
https://www.obozrevatel.com/,1,0,0,0
http://www.ogoniok.com/,1,0,0,0
http://www.onlinecasinos.ru/,1,0,0,0
http://www.openspace.ru/art/events/details/31781/,1,0,0,0
http://www.orbita.dn.ua/,1,0,0,0
http://www.ortho-rus.ru/,1,0,0,0
http://www.ostro.org/,1,0,0,0
http://www.osw.waw.pl/,1,1,0,0
http://www.owl.ru/,1,0,0,0
http://www.owl.ru/win/women/sisters/index.htm,1,0,0,0
http://www.partypoker.net/,1,0,0,0
http://www.passion.ru/,1,0,0,0
http://www.perevedem.ru/,1,0,0,0
http://www.poehali.tv/,1,0,0,0
http://www.polit.ru/,1,0,0,0
http://www.politnavigator.net/,1,1,0,0
http://www.porjati.net/,1,1,0,0
http://www.pornocd.ru/,1,0,0,0
http://www.pornofiles.ru/,1,1,0,0
http://www.postsovet.ru/blog,1,1,0,0
http://www.prastitutki.ru/,1,0,0,0
http://www.pravda-tv.ru/,1,0,0,0
http://www.pravda.com.ua/,1,0,0,0
http://www.pravda.info/,1,0,0,0
http://www.pravdabeslana.ru/,1,0,0,0
http://www.prison.org/,1,0,0,0
http://www.promptnews.info/,1,1,0,0
http://www.publicverdict.org/,1,0,0,0
http://www.putin-itogi.ru/,1,0,0,0
http://www.radikaly.ru/,1,0,0,0
http://www.radiomayak.ru/,1,0,0,0
http://www.radosvet.net/,1,0,0,0
http://www.ravenstvo.org/,1,0,0,0
http://www.rbc.ru/,1,0,0,0
https://www.rbc.ru/,1,0,0,0
http://www.refugee.ru/,1,0,0,0
http://www.regnum.ru/,1,0,0,0
http://www.religio.ru/,1,0,0,0
http://www.resistance88.com/,1,0,0,0
http://www.reuters.com/article/2010/03/21/russia-olympics-protest-iduslde62k02s20100321,1,0,0,0
http://www.rg.ru/,1,0,0,0
http://www.rian.ru/,1,0,0,0
http://www.rian.ru/blogs/,1,0,0,0
http://www.risu.org.ua/,1,0,0,0
http://www.rlinfo.ru/,1,0,0,0
http://www.rodina.ru/,1,0,0,0
https://www.rp-lnr.ru/,1,0,0,0
http://www.rprf.ru/,1,0,0,0
http://www.rufront.ru/,1,0,0,0
http://www.ruleoflaw.ru/,1,0,0,0
http://www.ruscrimea.ru/,1,0,0,0
http://www.rusemb.org.uk/,1,0,0,0
http://www.rusglobus.net/,1,0,0,0
http://www.russ.ru/,1,0,0,0
http://www.russiajournal.com/,1,0,0,0
http://www.russiancasino.com/,1,0,0,0
http://www.russiancasino.ru/,1,1,0,0
http://www.russianopengames.ru/,1,1,0,0
http://www.russianorthodoxchurch.ws/,1,1,1,0
http://www.satanism.ru/,1,0,1,0
http://www.satanistsite.narod.ru/,1,0,1,0
http://www.scepsis.ru/,1,0,1,0
http://www.seedjah.com/,1,0,1,0
https://www.segodnya.ua/,1,0,0,0
http://www.seprava.ru/,1,0,0,0
http://www.shamilonline.org/,1,0,0,0
http://www.shender.ru/,1,0,0,0
http://www.shoah.org.uk/,1,0,0,0
http://www.shram.kiev.ua/,1,0,0,0
http://www.shturmnovosti.com/,1,0,0,0
http://www.simya.com.ua/,1,0,0,0
http://www.smh.com.au/,1,0,0,0
http://www.sobytiya.info/,1,0,0,0
http://www.softilla.ru/,1,0,0,0
http://www.sovest.org/,1,0,0,0
http://www.sovinform.ru/,1,0,0,0
http://www.sps.ru/,1,0,0,0
http://www.sptimes.ru/,1,0,0,0
http://www.ssdv.ru/,1,0,0,0
http://www.stargame.ru/,1,0,1,0
http://www.statvo.narod.ru/,1,0,0,0
http://www.strana.ru/,1,0,1,0
http://www.suvorov.com/,1,0,1,0
http://www.svoboda.org/,1,0,0,0
http://www.svobodanews.ru/,1,0,1,0
http://www.taipeitimes.com/,1,0,1,0
http://www.tass.ru/,1,0,0,0
http://www.telecafe.ru/,1,0,0,0
http://www.themoscowtimes.com/,1,0,1,0
http://www.thenational.ae/,1,0,1,0
http://www.theotherrussia.org/,1,0,1,0
http://www.theotherrussia.ru/,1,1,1,0
http://www.thiru.com.sg/,1,1,0,0
http://www.transparency.org.ru/,1,0,0,0
http://www.trud.org/,1,1,0,0
http://www.trust.org/,1,0,1,0
http://www.ucoz.ru/,1,0,0,0
http://www.ucoz.ru/service/blog.html,1,0,1,0
http://www.ugcc.org.ua/,1,1,0,0
http://www.unifemcis.org/,1,0,0,0
http://www.unrussia.ru/,1,0,0,0
http://www.vdagestan.com/,1,0,0,0
http://www.velesova-sloboda.org/,1,0,0,0
http://www.vestnikmostok.ru/,1,0,0,0
http://www.visatovietnam.us/,1,0,0,0
http://www.vladimirvladimirovich.com/,1,0,0,0
http://www.voanews.com/russian/,1,0,0,0
http://www.vremya.tv/,1,0,0,0
http://www.watchdog.cz/,1,0,0,0
http://www.wcons.org.ru/,1,0,0,0
http://www.webmasterpro.com.ua/,1,0,0,0
https://www.webmoney.ru/,1,0,0,0
http://www.weedy.be/,1,0,0,0
http://www.who.dk/,1,0,0,0
http://www.who.int/topics/family_planning/ru/,1,0,0,0
http://www.wikia.com/wikia,1,0,0,0
http://www.womnet.ru/,1,0,0,0
http://www.worldmeets.us/,1,0,0,0
http://www.wsws.org/,1,0,0,0
http://www.wsws.org/ru/1999/dez1999/heal-d03.shtml,1,0,0,0
http://www.xakep.ru/,1,0,0,0
http://www.yabloko.ru/,1,0,0,0
http://www.yandex.ru/,1,0,0,0
http://www.yapfiles.ru/,1,0,0,0
http://www.yaplakal.com/,1,0,0,0
http://www.yhrm.org/,1,0,0,0
http://www.zapmeta.ws/,1,0,0,0
http://www.zaprava.ru/,1,0,1,0
http://www.zdn.su/,1,0,0,0
http://www.zerkalo-nedeli.com/,1,0,0,0
http://www.znopr.ru/,1,0,0,0
http://wwwoman.ru/,1,1,1,0
http://wwwoman.ru/s.php/755.htm,1,1,0,0
http://xn----dtbrg3ale.xn--p1ai/,1,1,0,0
http://xn--80aaifmgl1achx.xn--p1ai/,1,0,0,0
http://xn--c1acbl2abdlkab1og.xn--p1ai/,1,0,0,0
http://xn--d1ahnhhx.su/,1,0,0,0
http://xs.gay.ru/,1,1,1,0
http://xterror.narod.ru/,1,0,1,0
http://xvideos.com/,1,0,1,0
http://xxiveklnr.su/,1,0,0,0
http://yadumayu.ru/,1,0,0,0
http://yalta-tv.ru/,1,0,0,0
http://yaltatv.ru/,1,0,1,0
http://yashin.livejournal.com/,1,0,0,0
http://yesche.biz/,1,0,1,0
http://youtube.com/,1,0,0,0
http://yury108.blogspot.com/,1,0,1,0
http://zhurnal.lib.ru/,1,0,0,0
http://zn.ua/,1,0,0,0
https://ru.wikisource.org/,1,0,0,0
https://ru.m.wikisource.org/,1,0,0,0
http://go338.top/,1,0,0,0
https://trident-ua.info/,1,0,0,0
https://enigma.ua/,1,0,0,0
https://blogs.korrespondent.net/,1,0,0,0
http://www.netadvocate.org/,1,0,0,0
https://compromat.ws/,1,0,0,0
http://ua-24.com/,1,0,0,0
https://novindoosh.com/,1,0,0,0
http://www.stalker-world.net/,1,0,0,0
https://informator.news/,1,0,0,0
http://www.ukrpress.info/,1,0,0,0
https://moz.gov.ua/article/news/operativna-informacija-pro-poshirennja-koronavirusnoi-infekcii-2019-ncov-,1,0,0,0
https://cip.gov.ua/,1,0,0,0
https://svobod.gitlab.io/,1,0,0,0
https://svobodaorg.github.io/,1,0,0,0
https://krym.gitlab.io/,1,0,0,0
https://krymre.github.io/,1,0,0,0
https://radiosvobod.gitlab.io/,1,0,0,0
https://radiosvobod.github.io/,1,0,0,0
https://www.radiosvoboda.org/,1,0,0,0
https://ktat.krymr.com/,1,0,0,0
https://ua.krymr.com/,1,0,0,0
https://ru.krymr.com/,1,0,0,0
https://diia.gov.ua/,1,0,1,0
http://fdroid.astra.in.ua/,1,0,1,0
